solid stele
facet normal 0 0 0
  outer loop
    vertex -0.30000001192092896 -0.75 -0.03999999910593033
    vertex -0.3009999990463257 -0.7250000238418579 -0.03999999910593033
    vertex 0.30000001192092896 -0.75 -0.03999999910593033
  endloop
endfacet
facet normal 0 0 0
  outer loop
    vertex 0.30000001192092896 -0.75 -0.03999999910593033
    vertex -0.3009999990463257 -0.7250000238418579 -0.03999999910593033
    vertex 0.3009999990463257 -0.7250000238418579 -0.03999999910593033
  endloop
endfacet
facet normal 0 0 0
  outer loop
    vertex 0.30000001192092896 -0.75 -0.03999999910593033
    vertex 0.3009999990463257 -0.7250000238418579 -0.03999999910593033
    vertex 0.30000001192092896 -0.75 0.03999999910593033
  endloop
endfacet
facet normal 0 0 0
  outer loop
    vertex 0.30000001192092896 -0.75 0.03999999910593033
    vertex 0.3009999990463257 -0.7250000238418579 -0.03999999910593033
    vertex 0.3009999990463257 -0.7250000238418579 0.03999999910593033
  endloop
endfacet
facet normal 0 0 0
  outer loop
    vertex 0.30000001192092896 -0.75 0.03999999910593033
    vertex 0.3009999990463257 -0.7250000238418579 0.03999999910593033
    vertex -0.30000001192092896 -0.75 0.03999999910593033
  endloop
endfacet
facet normal 0 0 0
  outer loop
    vertex -0.30000001192092896 -0.75 0.03999999910593033
    vertex 0.3009999990463257 -0.7250000238418579 0.03999999910593033
    vertex -0.3009999990463257 -0.7250000238418579 0.03999999910593033
  endloop
endfacet
facet normal 0 0 0
  outer loop
    vertex -0.30000001192092896 -0.75 0.03999999910593033
    vertex -0.3009999990463257 -0.7250000238418579 0.03999999910593033
    vertex -0.30000001192092896 -0.75 -0.03999999910593033
  endloop
endfacet
facet normal 0 0 0
  outer loop
    vertex -0.30000001192092896 -0.75 -0.03999999910593033
    vertex -0.3009999990463257 -0.7250000238418579 0.03999999910593033
    vertex -0.3009999990463257 -0.7250000238418579 -0.03999999910593033
  endloop
endfacet
facet normal 0 0 0
  outer loop
    vertex -0.3009999990463257 -0.7250000238418579 -0.03999999910593033
    vertex -0.3019999861717224 -0.699999988079071 -0.03999999910593033
    vertex 0.3009999990463257 -0.7250000238418579 -0.03999999910593033
  endloop
endfacet
facet normal 0 0 0
  outer loop
    vertex 0.3009999990463257 -0.7250000238418579 -0.03999999910593033
    vertex -0.3019999861717224 -0.699999988079071 -0.03999999910593033
    vertex 0.3019999861717224 -0.699999988079071 -0.03999999910593033
  endloop
endfacet
facet normal 0 0 0
  outer loop
    vertex 0.3009999990463257 -0.7250000238418579 -0.03999999910593033
    vertex 0.3019999861717224 -0.699999988079071 -0.03999999910593033
    vertex 0.3009999990463257 -0.7250000238418579 0.03999999910593033
  endloop
endfacet
facet normal 0 0 0
  outer loop
    vertex 0.3009999990463257 -0.7250000238418579 0.03999999910593033
    vertex 0.3019999861717224 -0.699999988079071 -0.03999999910593033
    vertex 0.3019999861717224 -0.699999988079071 0.03999999910593033
  endloop
endfacet
facet normal 0 0 0
  outer loop
    vertex 0.3009999990463257 -0.7250000238418579 0.03999999910593033
    vertex 0.3019999861717224 -0.699999988079071 0.03999999910593033
    vertex -0.3009999990463257 -0.7250000238418579 0.03999999910593033
  endloop
endfacet
facet normal 0 0 0
  outer loop
    vertex -0.3009999990463257 -0.7250000238418579 0.03999999910593033
    vertex 0.3019999861717224 -0.699999988079071 0.03999999910593033
    vertex -0.3019999861717224 -0.699999988079071 0.03999999910593033
  endloop
endfacet
facet normal 0 0 0
  outer loop
    vertex -0.3009999990463257 -0.7250000238418579 0.03999999910593033
    vertex -0.3019999861717224 -0.699999988079071 0.03999999910593033
    vertex -0.3009999990463257 -0.7250000238418579 -0.03999999910593033
  endloop
endfacet
facet normal 0 0 0
  outer loop
    vertex -0.3009999990463257 -0.7250000238418579 -0.03999999910593033
    vertex -0.3019999861717224 -0.699999988079071 0.03999999910593033
    vertex -0.3019999861717224 -0.699999988079071 -0.03999999910593033
  endloop
endfacet
facet normal 0 0 0
  outer loop
    vertex -0.3019999861717224 -0.699999988079071 -0.03999999910593033
    vertex -0.30300000309944153 -0.675000011920929 -0.03999999910593033
    vertex 0.3019999861717224 -0.699999988079071 -0.03999999910593033
  endloop
endfacet
facet normal 0 0 0
  outer loop
    vertex 0.3019999861717224 -0.699999988079071 -0.03999999910593033
    vertex -0.30300000309944153 -0.675000011920929 -0.03999999910593033
    vertex 0.30300000309944153 -0.675000011920929 -0.03999999910593033
  endloop
endfacet
facet normal 0 0 0
  outer loop
    vertex 0.3019999861717224 -0.699999988079071 -0.03999999910593033
    vertex 0.30300000309944153 -0.675000011920929 -0.03999999910593033
    vertex 0.3019999861717224 -0.699999988079071 0.03999999910593033
  endloop
endfacet
facet normal 0 0 0
  outer loop
    vertex 0.3019999861717224 -0.699999988079071 0.03999999910593033
    vertex 0.30300000309944153 -0.675000011920929 -0.03999999910593033
    vertex 0.30300000309944153 -0.675000011920929 0.03999999910593033
  endloop
endfacet
facet normal 0 0 0
  outer loop
    vertex 0.3019999861717224 -0.699999988079071 0.03999999910593033
    vertex 0.30300000309944153 -0.675000011920929 0.03999999910593033
    vertex -0.3019999861717224 -0.699999988079071 0.03999999910593033
  endloop
endfacet
facet normal 0 0 0
  outer loop
    vertex -0.3019999861717224 -0.699999988079071 0.03999999910593033
    vertex 0.30300000309944153 -0.675000011920929 0.03999999910593033
    vertex -0.30300000309944153 -0.675000011920929 0.03999999910593033
  endloop
endfacet
facet normal 0 0 0
  outer loop
    vertex -0.3019999861717224 -0.699999988079071 0.03999999910593033
    vertex -0.30300000309944153 -0.675000011920929 0.03999999910593033
    vertex -0.3019999861717224 -0.699999988079071 -0.03999999910593033
  endloop
endfacet
facet normal 0 0 0
  outer loop
    vertex -0.3019999861717224 -0.699999988079071 -0.03999999910593033
    vertex -0.30300000309944153 -0.675000011920929 0.03999999910593033
    vertex -0.30300000309944153 -0.675000011920929 -0.03999999910593033
  endloop
endfacet
facet normal 0 0 0
  outer loop
    vertex -0.30300000309944153 -0.675000011920929 -0.03999999910593033
    vertex -0.30399999022483826 -0.6499999761581421 -0.03999999910593033
    vertex 0.30300000309944153 -0.675000011920929 -0.03999999910593033
  endloop
endfacet
facet normal 0 0 0
  outer loop
    vertex 0.30300000309944153 -0.675000011920929 -0.03999999910593033
    vertex -0.30399999022483826 -0.6499999761581421 -0.03999999910593033
    vertex 0.30399999022483826 -0.6499999761581421 -0.03999999910593033
  endloop
endfacet
facet normal 0 0 0
  outer loop
    vertex 0.30300000309944153 -0.675000011920929 -0.03999999910593033
    vertex 0.30399999022483826 -0.6499999761581421 -0.03999999910593033
    vertex 0.30300000309944153 -0.675000011920929 0.03999999910593033
  endloop
endfacet
facet normal 0 0 0
  outer loop
    vertex 0.30300000309944153 -0.675000011920929 0.03999999910593033
    vertex 0.30399999022483826 -0.6499999761581421 -0.03999999910593033
    vertex 0.30399999022483826 -0.6499999761581421 0.03999999910593033
  endloop
endfacet
facet normal 0 0 0
  outer loop
    vertex 0.30300000309944153 -0.675000011920929 0.03999999910593033
    vertex 0.30399999022483826 -0.6499999761581421 0.03999999910593033
    vertex -0.30300000309944153 -0.675000011920929 0.03999999910593033
  endloop
endfacet
facet normal 0 0 0
  outer loop
    vertex -0.30300000309944153 -0.675000011920929 0.03999999910593033
    vertex 0.30399999022483826 -0.6499999761581421 0.03999999910593033
    vertex -0.30399999022483826 -0.6499999761581421 0.03999999910593033
  endloop
endfacet
facet normal 0 0 0
  outer loop
    vertex -0.30300000309944153 -0.675000011920929 0.03999999910593033
    vertex -0.30399999022483826 -0.6499999761581421 0.03999999910593033
    vertex -0.30300000309944153 -0.675000011920929 -0.03999999910593033
  endloop
endfacet
facet normal 0 0 0
  outer loop
    vertex -0.30300000309944153 -0.675000011920929 -0.03999999910593033
    vertex -0.30399999022483826 -0.6499999761581421 0.03999999910593033
    vertex -0.30399999022483826 -0.6499999761581421 -0.03999999910593033
  endloop
endfacet
facet normal 0 0 0
  outer loop
    vertex -0.30399999022483826 -0.6499999761581421 -0.03999999910593033
    vertex -0.3050000071525574 -0.625 -0.03999999910593033
    vertex 0.30399999022483826 -0.6499999761581421 -0.03999999910593033
  endloop
endfacet
facet normal 0 0 0
  outer loop
    vertex 0.30399999022483826 -0.6499999761581421 -0.03999999910593033
    vertex -0.3050000071525574 -0.625 -0.03999999910593033
    vertex 0.3050000071525574 -0.625 -0.03999999910593033
  endloop
endfacet
facet normal 0 0 0
  outer loop
    vertex 0.30399999022483826 -0.6499999761581421 -0.03999999910593033
    vertex 0.3050000071525574 -0.625 -0.03999999910593033
    vertex 0.30399999022483826 -0.6499999761581421 0.03999999910593033
  endloop
endfacet
facet normal 0 0 0
  outer loop
    vertex 0.30399999022483826 -0.6499999761581421 0.03999999910593033
    vertex 0.3050000071525574 -0.625 -0.03999999910593033
    vertex 0.3050000071525574 -0.625 0.03999999910593033
  endloop
endfacet
facet normal 0 0 0
  outer loop
    vertex 0.30399999022483826 -0.6499999761581421 0.03999999910593033
    vertex 0.3050000071525574 -0.625 0.03999999910593033
    vertex -0.30399999022483826 -0.6499999761581421 0.03999999910593033
  endloop
endfacet
facet normal 0 0 0
  outer loop
    vertex -0.30399999022483826 -0.6499999761581421 0.03999999910593033
    vertex 0.3050000071525574 -0.625 0.03999999910593033
    vertex -0.3050000071525574 -0.625 0.03999999910593033
  endloop
endfacet
facet normal 0 0 0
  outer loop
    vertex -0.30399999022483826 -0.6499999761581421 0.03999999910593033
    vertex -0.3050000071525574 -0.625 0.03999999910593033
    vertex -0.30399999022483826 -0.6499999761581421 -0.03999999910593033
  endloop
endfacet
facet normal 0 0 0
  outer loop
    vertex -0.30399999022483826 -0.6499999761581421 -0.03999999910593033
    vertex -0.3050000071525574 -0.625 0.03999999910593033
    vertex -0.3050000071525574 -0.625 -0.03999999910593033
  endloop
endfacet
facet normal 0 0 0
  outer loop
    vertex -0.3050000071525574 -0.625 -0.03999999910593033
    vertex -0.3059999942779541 -0.6000000238418579 -0.03999999910593033
    vertex 0.3050000071525574 -0.625 -0.03999999910593033
  endloop
endfacet
facet normal 0 0 0
  outer loop
    vertex 0.3050000071525574 -0.625 -0.03999999910593033
    vertex -0.3059999942779541 -0.6000000238418579 -0.03999999910593033
    vertex 0.3059999942779541 -0.6000000238418579 -0.03999999910593033
  endloop
endfacet
facet normal 0 0 0
  outer loop
    vertex 0.3050000071525574 -0.625 -0.03999999910593033
    vertex 0.3059999942779541 -0.6000000238418579 -0.03999999910593033
    vertex 0.3050000071525574 -0.625 0.03999999910593033
  endloop
endfacet
facet normal 0 0 0
  outer loop
    vertex 0.3050000071525574 -0.625 0.03999999910593033
    vertex 0.3059999942779541 -0.6000000238418579 -0.03999999910593033
    vertex 0.3059999942779541 -0.6000000238418579 0.03999999910593033
  endloop
endfacet
facet normal 0 0 0
  outer loop
    vertex 0.3050000071525574 -0.625 0.03999999910593033
    vertex 0.3059999942779541 -0.6000000238418579 0.03999999910593033
    vertex -0.3050000071525574 -0.625 0.03999999910593033
  endloop
endfacet
facet normal 0 0 0
  outer loop
    vertex -0.3050000071525574 -0.625 0.03999999910593033
    vertex 0.3059999942779541 -0.6000000238418579 0.03999999910593033
    vertex -0.3059999942779541 -0.6000000238418579 0.03999999910593033
  endloop
endfacet
facet normal 0 0 0
  outer loop
    vertex -0.3050000071525574 -0.625 0.03999999910593033
    vertex -0.3059999942779541 -0.6000000238418579 0.03999999910593033
    vertex -0.3050000071525574 -0.625 -0.03999999910593033
  endloop
endfacet
facet normal 0 0 0
  outer loop
    vertex -0.3050000071525574 -0.625 -0.03999999910593033
    vertex -0.3059999942779541 -0.6000000238418579 0.03999999910593033
    vertex -0.3059999942779541 -0.6000000238418579 -0.03999999910593033
  endloop
endfacet
facet normal 0 0 0
  outer loop
    vertex -0.3059999942779541 -0.6000000238418579 -0.03999999910593033
    vertex -0.3070000112056732 -0.574999988079071 -0.03999999910593033
    vertex 0.3059999942779541 -0.6000000238418579 -0.03999999910593033
  endloop
endfacet
facet normal 0 0 0
  outer loop
    vertex 0.3059999942779541 -0.6000000238418579 -0.03999999910593033
    vertex -0.3070000112056732 -0.574999988079071 -0.03999999910593033
    vertex 0.3070000112056732 -0.574999988079071 -0.03999999910593033
  endloop
endfacet
facet normal 0 0 0
  outer loop
    vertex 0.3059999942779541 -0.6000000238418579 -0.03999999910593033
    vertex 0.3070000112056732 -0.574999988079071 -0.03999999910593033
    vertex 0.3059999942779541 -0.6000000238418579 0.03999999910593033
  endloop
endfacet
facet normal 0 0 0
  outer loop
    vertex 0.3059999942779541 -0.6000000238418579 0.03999999910593033
    vertex 0.3070000112056732 -0.574999988079071 -0.03999999910593033
    vertex 0.3070000112056732 -0.574999988079071 0.03999999910593033
  endloop
endfacet
facet normal 0 0 0
  outer loop
    vertex 0.3059999942779541 -0.6000000238418579 0.03999999910593033
    vertex 0.3070000112056732 -0.574999988079071 0.03999999910593033
    vertex -0.3059999942779541 -0.6000000238418579 0.03999999910593033
  endloop
endfacet
facet normal 0 0 0
  outer loop
    vertex -0.3059999942779541 -0.6000000238418579 0.03999999910593033
    vertex 0.3070000112056732 -0.574999988079071 0.03999999910593033
    vertex -0.3070000112056732 -0.574999988079071 0.03999999910593033
  endloop
endfacet
facet normal 0 0 0
  outer loop
    vertex -0.3059999942779541 -0.6000000238418579 0.03999999910593033
    vertex -0.3070000112056732 -0.574999988079071 0.03999999910593033
    vertex -0.3059999942779541 -0.6000000238418579 -0.03999999910593033
  endloop
endfacet
facet normal 0 0 0
  outer loop
    vertex -0.3059999942779541 -0.6000000238418579 -0.03999999910593033
    vertex -0.3070000112056732 -0.574999988079071 0.03999999910593033
    vertex -0.3070000112056732 -0.574999988079071 -0.03999999910593033
  endloop
endfacet
facet normal 0 0 0
  outer loop
    vertex -0.3070000112056732 -0.574999988079071 -0.03999999910593033
    vertex -0.30799999833106995 -0.550000011920929 -0.03999999910593033
    vertex 0.3070000112056732 -0.574999988079071 -0.03999999910593033
  endloop
endfacet
facet normal 0 0 0
  outer loop
    vertex 0.3070000112056732 -0.574999988079071 -0.03999999910593033
    vertex -0.30799999833106995 -0.550000011920929 -0.03999999910593033
    vertex 0.30799999833106995 -0.550000011920929 -0.03999999910593033
  endloop
endfacet
facet normal 0 0 0
  outer loop
    vertex 0.3070000112056732 -0.574999988079071 -0.03999999910593033
    vertex 0.30799999833106995 -0.550000011920929 -0.03999999910593033
    vertex 0.3070000112056732 -0.574999988079071 0.03999999910593033
  endloop
endfacet
facet normal 0 0 0
  outer loop
    vertex 0.3070000112056732 -0.574999988079071 0.03999999910593033
    vertex 0.30799999833106995 -0.550000011920929 -0.03999999910593033
    vertex 0.30799999833106995 -0.550000011920929 0.03999999910593033
  endloop
endfacet
facet normal 0 0 0
  outer loop
    vertex 0.3070000112056732 -0.574999988079071 0.03999999910593033
    vertex 0.30799999833106995 -0.550000011920929 0.03999999910593033
    vertex -0.3070000112056732 -0.574999988079071 0.03999999910593033
  endloop
endfacet
facet normal 0 0 0
  outer loop
    vertex -0.3070000112056732 -0.574999988079071 0.03999999910593033
    vertex 0.30799999833106995 -0.550000011920929 0.03999999910593033
    vertex -0.30799999833106995 -0.550000011920929 0.03999999910593033
  endloop
endfacet
facet normal 0 0 0
  outer loop
    vertex -0.3070000112056732 -0.574999988079071 0.03999999910593033
    vertex -0.30799999833106995 -0.550000011920929 0.03999999910593033
    vertex -0.3070000112056732 -0.574999988079071 -0.03999999910593033
  endloop
endfacet
facet normal 0 0 0
  outer loop
    vertex -0.3070000112056732 -0.574999988079071 -0.03999999910593033
    vertex -0.30799999833106995 -0.550000011920929 0.03999999910593033
    vertex -0.30799999833106995 -0.550000011920929 -0.03999999910593033
  endloop
endfacet
facet normal 0 0 0
  outer loop
    vertex -0.30799999833106995 -0.550000011920929 -0.03999999910593033
    vertex -0.3089999854564667 -0.5249999761581421 -0.03999999910593033
    vertex 0.30799999833106995 -0.550000011920929 -0.03999999910593033
  endloop
endfacet
facet normal 0 0 0
  outer loop
    vertex 0.30799999833106995 -0.550000011920929 -0.03999999910593033
    vertex -0.3089999854564667 -0.5249999761581421 -0.03999999910593033
    vertex 0.3089999854564667 -0.5249999761581421 -0.03999999910593033
  endloop
endfacet
facet normal 0 0 0
  outer loop
    vertex 0.30799999833106995 -0.550000011920929 -0.03999999910593033
    vertex 0.3089999854564667 -0.5249999761581421 -0.03999999910593033
    vertex 0.30799999833106995 -0.550000011920929 0.03999999910593033
  endloop
endfacet
facet normal 0 0 0
  outer loop
    vertex 0.30799999833106995 -0.550000011920929 0.03999999910593033
    vertex 0.3089999854564667 -0.5249999761581421 -0.03999999910593033
    vertex 0.3089999854564667 -0.5249999761581421 0.03999999910593033
  endloop
endfacet
facet normal 0 0 0
  outer loop
    vertex 0.30799999833106995 -0.550000011920929 0.03999999910593033
    vertex 0.3089999854564667 -0.5249999761581421 0.03999999910593033
    vertex -0.30799999833106995 -0.550000011920929 0.03999999910593033
  endloop
endfacet
facet normal 0 0 0
  outer loop
    vertex -0.30799999833106995 -0.550000011920929 0.03999999910593033
    vertex 0.3089999854564667 -0.5249999761581421 0.03999999910593033
    vertex -0.3089999854564667 -0.5249999761581421 0.03999999910593033
  endloop
endfacet
facet normal 0 0 0
  outer loop
    vertex -0.30799999833106995 -0.550000011920929 0.03999999910593033
    vertex -0.3089999854564667 -0.5249999761581421 0.03999999910593033
    vertex -0.30799999833106995 -0.550000011920929 -0.03999999910593033
  endloop
endfacet
facet normal 0 0 0
  outer loop
    vertex -0.30799999833106995 -0.550000011920929 -0.03999999910593033
    vertex -0.3089999854564667 -0.5249999761581421 0.03999999910593033
    vertex -0.3089999854564667 -0.5249999761581421 -0.03999999910593033
  endloop
endfacet
facet normal 0 0 0
  outer loop
    vertex -0.3089999854564667 -0.5249999761581421 -0.03999999910593033
    vertex -0.3100000023841858 -0.5 -0.03999999910593033
    vertex 0.3089999854564667 -0.5249999761581421 -0.03999999910593033
  endloop
endfacet
facet normal 0 0 0
  outer loop
    vertex 0.3089999854564667 -0.5249999761581421 -0.03999999910593033
    vertex -0.3100000023841858 -0.5 -0.03999999910593033
    vertex 0.3100000023841858 -0.5 -0.03999999910593033
  endloop
endfacet
facet normal 0 0 0
  outer loop
    vertex 0.3089999854564667 -0.5249999761581421 -0.03999999910593033
    vertex 0.3100000023841858 -0.5 -0.03999999910593033
    vertex 0.3089999854564667 -0.5249999761581421 0.03999999910593033
  endloop
endfacet
facet normal 0 0 0
  outer loop
    vertex 0.3089999854564667 -0.5249999761581421 0.03999999910593033
    vertex 0.3100000023841858 -0.5 -0.03999999910593033
    vertex 0.3100000023841858 -0.5 0.03999999910593033
  endloop
endfacet
facet normal 0 0 0
  outer loop
    vertex 0.3089999854564667 -0.5249999761581421 0.03999999910593033
    vertex 0.3100000023841858 -0.5 0.03999999910593033
    vertex -0.3089999854564667 -0.5249999761581421 0.03999999910593033
  endloop
endfacet
facet normal 0 0 0
  outer loop
    vertex -0.3089999854564667 -0.5249999761581421 0.03999999910593033
    vertex 0.3100000023841858 -0.5 0.03999999910593033
    vertex -0.3100000023841858 -0.5 0.03999999910593033
  endloop
endfacet
facet normal 0 0 0
  outer loop
    vertex -0.3089999854564667 -0.5249999761581421 0.03999999910593033
    vertex -0.3100000023841858 -0.5 0.03999999910593033
    vertex -0.3089999854564667 -0.5249999761581421 -0.03999999910593033
  endloop
endfacet
facet normal 0 0 0
  outer loop
    vertex -0.3089999854564667 -0.5249999761581421 -0.03999999910593033
    vertex -0.3100000023841858 -0.5 0.03999999910593033
    vertex -0.3100000023841858 -0.5 -0.03999999910593033
  endloop
endfacet
facet normal 0 0 0
  outer loop
    vertex -0.3100000023841858 -0.5 -0.03999999910593033
    vertex -0.3109999895095825 -0.4749999940395355 -0.03999999910593033
    vertex 0.3100000023841858 -0.5 -0.03999999910593033
  endloop
endfacet
facet normal 0 0 0
  outer loop
    vertex 0.3100000023841858 -0.5 -0.03999999910593033
    vertex -0.3109999895095825 -0.4749999940395355 -0.03999999910593033
    vertex 0.3109999895095825 -0.4749999940395355 -0.03999999910593033
  endloop
endfacet
facet normal 0 0 0
  outer loop
    vertex 0.3100000023841858 -0.5 -0.03999999910593033
    vertex 0.3109999895095825 -0.4749999940395355 -0.03999999910593033
    vertex 0.3100000023841858 -0.5 0.03999999910593033
  endloop
endfacet
facet normal 0 0 0
  outer loop
    vertex 0.3100000023841858 -0.5 0.03999999910593033
    vertex 0.3109999895095825 -0.4749999940395355 -0.03999999910593033
    vertex 0.3109999895095825 -0.4749999940395355 0.03999999910593033
  endloop
endfacet
facet normal 0 0 0
  outer loop
    vertex 0.3100000023841858 -0.5 0.03999999910593033
    vertex 0.3109999895095825 -0.4749999940395355 0.03999999910593033
    vertex -0.3100000023841858 -0.5 0.03999999910593033
  endloop
endfacet
facet normal 0 0 0
  outer loop
    vertex -0.3100000023841858 -0.5 0.03999999910593033
    vertex 0.3109999895095825 -0.4749999940395355 0.03999999910593033
    vertex -0.3109999895095825 -0.4749999940395355 0.03999999910593033
  endloop
endfacet
facet normal 0 0 0
  outer loop
    vertex -0.3100000023841858 -0.5 0.03999999910593033
    vertex -0.3109999895095825 -0.4749999940395355 0.03999999910593033
    vertex -0.3100000023841858 -0.5 -0.03999999910593033
  endloop
endfacet
facet normal 0 0 0
  outer loop
    vertex -0.3100000023841858 -0.5 -0.03999999910593033
    vertex -0.3109999895095825 -0.4749999940395355 0.03999999910593033
    vertex -0.3109999895095825 -0.4749999940395355 -0.03999999910593033
  endloop
endfacet
facet normal 0 0 0
  outer loop
    vertex -0.3109999895095825 -0.4749999940395355 -0.03999999910593033
    vertex -0.31200000643730164 -0.44999998807907104 -0.03999999910593033
    vertex 0.3109999895095825 -0.4749999940395355 -0.03999999910593033
  endloop
endfacet
facet normal 0 0 0
  outer loop
    vertex 0.3109999895095825 -0.4749999940395355 -0.03999999910593033
    vertex -0.31200000643730164 -0.44999998807907104 -0.03999999910593033
    vertex 0.31200000643730164 -0.44999998807907104 -0.03999999910593033
  endloop
endfacet
facet normal 0 0 0
  outer loop
    vertex 0.3109999895095825 -0.4749999940395355 -0.03999999910593033
    vertex 0.31200000643730164 -0.44999998807907104 -0.03999999910593033
    vertex 0.3109999895095825 -0.4749999940395355 0.03999999910593033
  endloop
endfacet
facet normal 0 0 0
  outer loop
    vertex 0.3109999895095825 -0.4749999940395355 0.03999999910593033
    vertex 0.31200000643730164 -0.44999998807907104 -0.03999999910593033
    vertex 0.31200000643730164 -0.44999998807907104 0.03999999910593033
  endloop
endfacet
facet normal 0 0 0
  outer loop
    vertex 0.3109999895095825 -0.4749999940395355 0.03999999910593033
    vertex 0.31200000643730164 -0.44999998807907104 0.03999999910593033
    vertex -0.3109999895095825 -0.4749999940395355 0.03999999910593033
  endloop
endfacet
facet normal 0 0 0
  outer loop
    vertex -0.3109999895095825 -0.4749999940395355 0.03999999910593033
    vertex 0.31200000643730164 -0.44999998807907104 0.03999999910593033
    vertex -0.31200000643730164 -0.44999998807907104 0.03999999910593033
  endloop
endfacet
facet normal 0 0 0
  outer loop
    vertex -0.3109999895095825 -0.4749999940395355 0.03999999910593033
    vertex -0.31200000643730164 -0.44999998807907104 0.03999999910593033
    vertex -0.3109999895095825 -0.4749999940395355 -0.03999999910593033
  endloop
endfacet
facet normal 0 0 0
  outer loop
    vertex -0.3109999895095825 -0.4749999940395355 -0.03999999910593033
    vertex -0.31200000643730164 -0.44999998807907104 0.03999999910593033
    vertex -0.31200000643730164 -0.44999998807907104 -0.03999999910593033
  endloop
endfacet
facet normal 0 0 0
  outer loop
    vertex -0.31200000643730164 -0.44999998807907104 -0.03999999910593033
    vertex -0.31299999356269836 -0.42500001192092896 -0.03999999910593033
    vertex 0.31200000643730164 -0.44999998807907104 -0.03999999910593033
  endloop
endfacet
facet normal 0 0 0
  outer loop
    vertex 0.31200000643730164 -0.44999998807907104 -0.03999999910593033
    vertex -0.31299999356269836 -0.42500001192092896 -0.03999999910593033
    vertex 0.31299999356269836 -0.42500001192092896 -0.03999999910593033
  endloop
endfacet
facet normal 0 0 0
  outer loop
    vertex 0.31200000643730164 -0.44999998807907104 -0.03999999910593033
    vertex 0.31299999356269836 -0.42500001192092896 -0.03999999910593033
    vertex 0.31200000643730164 -0.44999998807907104 0.03999999910593033
  endloop
endfacet
facet normal 0 0 0
  outer loop
    vertex 0.31200000643730164 -0.44999998807907104 0.03999999910593033
    vertex 0.31299999356269836 -0.42500001192092896 -0.03999999910593033
    vertex 0.31299999356269836 -0.42500001192092896 0.03999999910593033
  endloop
endfacet
facet normal 0 0 0
  outer loop
    vertex 0.31200000643730164 -0.44999998807907104 0.03999999910593033
    vertex 0.31299999356269836 -0.42500001192092896 0.03999999910593033
    vertex -0.31200000643730164 -0.44999998807907104 0.03999999910593033
  endloop
endfacet
facet normal 0 0 0
  outer loop
    vertex -0.31200000643730164 -0.44999998807907104 0.03999999910593033
    vertex 0.31299999356269836 -0.42500001192092896 0.03999999910593033
    vertex -0.31299999356269836 -0.42500001192092896 0.03999999910593033
  endloop
endfacet
facet normal 0 0 0
  outer loop
    vertex -0.31200000643730164 -0.44999998807907104 0.03999999910593033
    vertex -0.31299999356269836 -0.42500001192092896 0.03999999910593033
    vertex -0.31200000643730164 -0.44999998807907104 -0.03999999910593033
  endloop
endfacet
facet normal 0 0 0
  outer loop
    vertex -0.31200000643730164 -0.44999998807907104 -0.03999999910593033
    vertex -0.31299999356269836 -0.42500001192092896 0.03999999910593033
    vertex -0.31299999356269836 -0.42500001192092896 -0.03999999910593033
  endloop
endfacet
facet normal 0 0 0
  outer loop
    vertex -0.31299999356269836 -0.42500001192092896 -0.03999999910593033
    vertex -0.3140000104904175 -0.4000000059604645 -0.03999999910593033
    vertex 0.31299999356269836 -0.42500001192092896 -0.03999999910593033
  endloop
endfacet
facet normal 0 0 0
  outer loop
    vertex 0.31299999356269836 -0.42500001192092896 -0.03999999910593033
    vertex -0.3140000104904175 -0.4000000059604645 -0.03999999910593033
    vertex 0.3140000104904175 -0.4000000059604645 -0.03999999910593033
  endloop
endfacet
facet normal 0 0 0
  outer loop
    vertex 0.31299999356269836 -0.42500001192092896 -0.03999999910593033
    vertex 0.3140000104904175 -0.4000000059604645 -0.03999999910593033
    vertex 0.31299999356269836 -0.42500001192092896 0.03999999910593033
  endloop
endfacet
facet normal 0 0 0
  outer loop
    vertex 0.31299999356269836 -0.42500001192092896 0.03999999910593033
    vertex 0.3140000104904175 -0.4000000059604645 -0.03999999910593033
    vertex 0.3140000104904175 -0.4000000059604645 0.03999999910593033
  endloop
endfacet
facet normal 0 0 0
  outer loop
    vertex 0.31299999356269836 -0.42500001192092896 0.03999999910593033
    vertex 0.3140000104904175 -0.4000000059604645 0.03999999910593033
    vertex -0.31299999356269836 -0.42500001192092896 0.03999999910593033
  endloop
endfacet
facet normal 0 0 0
  outer loop
    vertex -0.31299999356269836 -0.42500001192092896 0.03999999910593033
    vertex 0.3140000104904175 -0.4000000059604645 0.03999999910593033
    vertex -0.3140000104904175 -0.4000000059604645 0.03999999910593033
  endloop
endfacet
facet normal 0 0 0
  outer loop
    vertex -0.31299999356269836 -0.42500001192092896 0.03999999910593033
    vertex -0.3140000104904175 -0.4000000059604645 0.03999999910593033
    vertex -0.31299999356269836 -0.42500001192092896 -0.03999999910593033
  endloop
endfacet
facet normal 0 0 0
  outer loop
    vertex -0.31299999356269836 -0.42500001192092896 -0.03999999910593033
    vertex -0.3140000104904175 -0.4000000059604645 0.03999999910593033
    vertex -0.3140000104904175 -0.4000000059604645 -0.03999999910593033
  endloop
endfacet
facet normal 0 0 0
  outer loop
    vertex -0.3140000104904175 -0.4000000059604645 -0.03999999910593033
    vertex -0.3149999976158142 -0.375 -0.03999999910593033
    vertex 0.3140000104904175 -0.4000000059604645 -0.03999999910593033
  endloop
endfacet
facet normal 0 0 0
  outer loop
    vertex 0.3140000104904175 -0.4000000059604645 -0.03999999910593033
    vertex -0.3149999976158142 -0.375 -0.03999999910593033
    vertex 0.3149999976158142 -0.375 -0.03999999910593033
  endloop
endfacet
facet normal 0 0 0
  outer loop
    vertex 0.3140000104904175 -0.4000000059604645 -0.03999999910593033
    vertex 0.3149999976158142 -0.375 -0.03999999910593033
    vertex 0.3140000104904175 -0.4000000059604645 0.03999999910593033
  endloop
endfacet
facet normal 0 0 0
  outer loop
    vertex 0.3140000104904175 -0.4000000059604645 0.03999999910593033
    vertex 0.3149999976158142 -0.375 -0.03999999910593033
    vertex 0.3149999976158142 -0.375 0.03999999910593033
  endloop
endfacet
facet normal 0 0 0
  outer loop
    vertex 0.3140000104904175 -0.4000000059604645 0.03999999910593033
    vertex 0.3149999976158142 -0.375 0.03999999910593033
    vertex -0.3140000104904175 -0.4000000059604645 0.03999999910593033
  endloop
endfacet
facet normal 0 0 0
  outer loop
    vertex -0.3140000104904175 -0.4000000059604645 0.03999999910593033
    vertex 0.3149999976158142 -0.375 0.03999999910593033
    vertex -0.3149999976158142 -0.375 0.03999999910593033
  endloop
endfacet
facet normal 0 0 0
  outer loop
    vertex -0.3140000104904175 -0.4000000059604645 0.03999999910593033
    vertex -0.3149999976158142 -0.375 0.03999999910593033
    vertex -0.3140000104904175 -0.4000000059604645 -0.03999999910593033
  endloop
endfacet
facet normal 0 0 0
  outer loop
    vertex -0.3140000104904175 -0.4000000059604645 -0.03999999910593033
    vertex -0.3149999976158142 -0.375 0.03999999910593033
    vertex -0.3149999976158142 -0.375 -0.03999999910593033
  endloop
endfacet
facet normal 0 0 0
  outer loop
    vertex -0.3149999976158142 -0.375 -0.03999999910593033
    vertex -0.3124000132083893 -0.3499999940395355 -0.03999999910593033
    vertex 0.3149999976158142 -0.375 -0.03999999910593033
  endloop
endfacet
facet normal 0 0 0
  outer loop
    vertex 0.3149999976158142 -0.375 -0.03999999910593033
    vertex -0.3124000132083893 -0.3499999940395355 -0.03999999910593033
    vertex 0.3124000132083893 -0.3499999940395355 -0.03999999910593033
  endloop
endfacet
facet normal 0 0 0
  outer loop
    vertex 0.3149999976158142 -0.375 -0.03999999910593033
    vertex 0.3124000132083893 -0.3499999940395355 -0.03999999910593033
    vertex 0.3149999976158142 -0.375 0.03999999910593033
  endloop
endfacet
facet normal 0 0 0
  outer loop
    vertex 0.3149999976158142 -0.375 0.03999999910593033
    vertex 0.3124000132083893 -0.3499999940395355 -0.03999999910593033
    vertex 0.3124000132083893 -0.3499999940395355 0.03999999910593033
  endloop
endfacet
facet normal 0 0 0
  outer loop
    vertex 0.3149999976158142 -0.375 0.03999999910593033
    vertex 0.3124000132083893 -0.3499999940395355 0.03999999910593033
    vertex -0.3149999976158142 -0.375 0.03999999910593033
  endloop
endfacet
facet normal 0 0 0
  outer loop
    vertex -0.3149999976158142 -0.375 0.03999999910593033
    vertex 0.3124000132083893 -0.3499999940395355 0.03999999910593033
    vertex -0.3124000132083893 -0.3499999940395355 0.03999999910593033
  endloop
endfacet
facet normal 0 0 0
  outer loop
    vertex -0.3149999976158142 -0.375 0.03999999910593033
    vertex -0.3124000132083893 -0.3499999940395355 0.03999999910593033
    vertex -0.3149999976158142 -0.375 -0.03999999910593033
  endloop
endfacet
facet normal 0 0 0
  outer loop
    vertex -0.3149999976158142 -0.375 -0.03999999910593033
    vertex -0.3124000132083893 -0.3499999940395355 0.03999999910593033
    vertex -0.3124000132083893 -0.3499999940395355 -0.03999999910593033
  endloop
endfacet
facet normal 0 0 0
  outer loop
    vertex -0.3124000132083893 -0.3499999940395355 -0.03999999910593033
    vertex -0.30979999899864197 -0.32499998807907104 -0.03999999910593033
    vertex 0.3124000132083893 -0.3499999940395355 -0.03999999910593033
  endloop
endfacet
facet normal 0 0 0
  outer loop
    vertex 0.3124000132083893 -0.3499999940395355 -0.03999999910593033
    vertex -0.30979999899864197 -0.32499998807907104 -0.03999999910593033
    vertex 0.30979999899864197 -0.32499998807907104 -0.03999999910593033
  endloop
endfacet
facet normal 0 0 0
  outer loop
    vertex 0.3124000132083893 -0.3499999940395355 -0.03999999910593033
    vertex 0.30979999899864197 -0.32499998807907104 -0.03999999910593033
    vertex 0.3124000132083893 -0.3499999940395355 0.03999999910593033
  endloop
endfacet
facet normal 0 0 0
  outer loop
    vertex 0.3124000132083893 -0.3499999940395355 0.03999999910593033
    vertex 0.30979999899864197 -0.32499998807907104 -0.03999999910593033
    vertex 0.30979999899864197 -0.32499998807907104 0.03999999910593033
  endloop
endfacet
facet normal 0 0 0
  outer loop
    vertex 0.3124000132083893 -0.3499999940395355 0.03999999910593033
    vertex 0.30979999899864197 -0.32499998807907104 0.03999999910593033
    vertex -0.3124000132083893 -0.3499999940395355 0.03999999910593033
  endloop
endfacet
facet normal 0 0 0
  outer loop
    vertex -0.3124000132083893 -0.3499999940395355 0.03999999910593033
    vertex 0.30979999899864197 -0.32499998807907104 0.03999999910593033
    vertex -0.30979999899864197 -0.32499998807907104 0.03999999910593033
  endloop
endfacet
facet normal 0 0 0
  outer loop
    vertex -0.3124000132083893 -0.3499999940395355 0.03999999910593033
    vertex -0.30979999899864197 -0.32499998807907104 0.03999999910593033
    vertex -0.3124000132083893 -0.3499999940395355 -0.03999999910593033
  endloop
endfacet
facet normal 0 0 0
  outer loop
    vertex -0.3124000132083893 -0.3499999940395355 -0.03999999910593033
    vertex -0.30979999899864197 -0.32499998807907104 0.03999999910593033
    vertex -0.30979999899864197 -0.32499998807907104 -0.03999999910593033
  endloop
endfacet
facet normal 0 0 0
  outer loop
    vertex -0.30979999899864197 -0.32499998807907104 -0.03999999910593033
    vertex -0.30720001459121704 -0.30000001192092896 -0.03999999910593033
    vertex 0.30979999899864197 -0.32499998807907104 -0.03999999910593033
  endloop
endfacet
facet normal 0 0 0
  outer loop
    vertex 0.30979999899864197 -0.32499998807907104 -0.03999999910593033
    vertex -0.30720001459121704 -0.30000001192092896 -0.03999999910593033
    vertex 0.30720001459121704 -0.30000001192092896 -0.03999999910593033
  endloop
endfacet
facet normal 0 0 0
  outer loop
    vertex 0.30979999899864197 -0.32499998807907104 -0.03999999910593033
    vertex 0.30720001459121704 -0.30000001192092896 -0.03999999910593033
    vertex 0.30979999899864197 -0.32499998807907104 0.03999999910593033
  endloop
endfacet
facet normal 0 0 0
  outer loop
    vertex 0.30979999899864197 -0.32499998807907104 0.03999999910593033
    vertex 0.30720001459121704 -0.30000001192092896 -0.03999999910593033
    vertex 0.30720001459121704 -0.30000001192092896 0.03999999910593033
  endloop
endfacet
facet normal 0 0 0
  outer loop
    vertex 0.30979999899864197 -0.32499998807907104 0.03999999910593033
    vertex 0.30720001459121704 -0.30000001192092896 0.03999999910593033
    vertex -0.30979999899864197 -0.32499998807907104 0.03999999910593033
  endloop
endfacet
facet normal 0 0 0
  outer loop
    vertex -0.30979999899864197 -0.32499998807907104 0.03999999910593033
    vertex 0.30720001459121704 -0.30000001192092896 0.03999999910593033
    vertex -0.30720001459121704 -0.30000001192092896 0.03999999910593033
  endloop
endfacet
facet normal 0 0 0
  outer loop
    vertex -0.30979999899864197 -0.32499998807907104 0.03999999910593033
    vertex -0.30720001459121704 -0.30000001192092896 0.03999999910593033
    vertex -0.30979999899864197 -0.32499998807907104 -0.03999999910593033
  endloop
endfacet
facet normal 0 0 0
  outer loop
    vertex -0.30979999899864197 -0.32499998807907104 -0.03999999910593033
    vertex -0.30720001459121704 -0.30000001192092896 0.03999999910593033
    vertex -0.30720001459121704 -0.30000001192092896 -0.03999999910593033
  endloop
endfacet
facet normal 0 0 0
  outer loop
    vertex -0.30720001459121704 -0.30000001192092896 -0.03999999910593033
    vertex -0.3046000003814697 -0.2750000059604645 -0.03999999910593033
    vertex 0.30720001459121704 -0.30000001192092896 -0.03999999910593033
  endloop
endfacet
facet normal 0 0 0
  outer loop
    vertex 0.30720001459121704 -0.30000001192092896 -0.03999999910593033
    vertex -0.3046000003814697 -0.2750000059604645 -0.03999999910593033
    vertex 0.3046000003814697 -0.2750000059604645 -0.03999999910593033
  endloop
endfacet
facet normal 0 0 0
  outer loop
    vertex 0.30720001459121704 -0.30000001192092896 -0.03999999910593033
    vertex 0.3046000003814697 -0.2750000059604645 -0.03999999910593033
    vertex 0.30720001459121704 -0.30000001192092896 0.03999999910593033
  endloop
endfacet
facet normal 0 0 0
  outer loop
    vertex 0.30720001459121704 -0.30000001192092896 0.03999999910593033
    vertex 0.3046000003814697 -0.2750000059604645 -0.03999999910593033
    vertex 0.3046000003814697 -0.2750000059604645 0.03999999910593033
  endloop
endfacet
facet normal 0 0 0
  outer loop
    vertex 0.30720001459121704 -0.30000001192092896 0.03999999910593033
    vertex 0.3046000003814697 -0.2750000059604645 0.03999999910593033
    vertex -0.30720001459121704 -0.30000001192092896 0.03999999910593033
  endloop
endfacet
facet normal 0 0 0
  outer loop
    vertex -0.30720001459121704 -0.30000001192092896 0.03999999910593033
    vertex 0.3046000003814697 -0.2750000059604645 0.03999999910593033
    vertex -0.3046000003814697 -0.2750000059604645 0.03999999910593033
  endloop
endfacet
facet normal 0 0 0
  outer loop
    vertex -0.30720001459121704 -0.30000001192092896 0.03999999910593033
    vertex -0.3046000003814697 -0.2750000059604645 0.03999999910593033
    vertex -0.30720001459121704 -0.30000001192092896 -0.03999999910593033
  endloop
endfacet
facet normal 0 0 0
  outer loop
    vertex -0.30720001459121704 -0.30000001192092896 -0.03999999910593033
    vertex -0.3046000003814697 -0.2750000059604645 0.03999999910593033
    vertex -0.3046000003814697 -0.2750000059604645 -0.03999999910593033
  endloop
endfacet
facet normal 0 0 0
  outer loop
    vertex -0.3046000003814697 -0.2750000059604645 -0.03999999910593033
    vertex -0.3019999861717224 -0.25 -0.03999999910593033
    vertex 0.3046000003814697 -0.2750000059604645 -0.03999999910593033
  endloop
endfacet
facet normal 0 0 0
  outer loop
    vertex 0.3046000003814697 -0.2750000059604645 -0.03999999910593033
    vertex -0.3019999861717224 -0.25 -0.03999999910593033
    vertex 0.3019999861717224 -0.25 -0.03999999910593033
  endloop
endfacet
facet normal 0 0 0
  outer loop
    vertex 0.3046000003814697 -0.2750000059604645 -0.03999999910593033
    vertex 0.3019999861717224 -0.25 -0.03999999910593033
    vertex 0.3046000003814697 -0.2750000059604645 0.03999999910593033
  endloop
endfacet
facet normal 0 0 0
  outer loop
    vertex 0.3046000003814697 -0.2750000059604645 0.03999999910593033
    vertex 0.3019999861717224 -0.25 -0.03999999910593033
    vertex 0.3019999861717224 -0.25 0.03999999910593033
  endloop
endfacet
facet normal 0 0 0
  outer loop
    vertex 0.3046000003814697 -0.2750000059604645 0.03999999910593033
    vertex 0.3019999861717224 -0.25 0.03999999910593033
    vertex -0.3046000003814697 -0.2750000059604645 0.03999999910593033
  endloop
endfacet
facet normal 0 0 0
  outer loop
    vertex -0.3046000003814697 -0.2750000059604645 0.03999999910593033
    vertex 0.3019999861717224 -0.25 0.03999999910593033
    vertex -0.3019999861717224 -0.25 0.03999999910593033
  endloop
endfacet
facet normal 0 0 0
  outer loop
    vertex -0.3046000003814697 -0.2750000059604645 0.03999999910593033
    vertex -0.3019999861717224 -0.25 0.03999999910593033
    vertex -0.3046000003814697 -0.2750000059604645 -0.03999999910593033
  endloop
endfacet
facet normal 0 0 0
  outer loop
    vertex -0.3046000003814697 -0.2750000059604645 -0.03999999910593033
    vertex -0.3019999861717224 -0.25 0.03999999910593033
    vertex -0.3019999861717224 -0.25 -0.03999999910593033
  endloop
endfacet
facet normal 0 0 0
  outer loop
    vertex -0.3019999861717224 -0.25 -0.03999999910593033
    vertex -0.2994000017642975 -0.22499999403953552 -0.03999999910593033
    vertex 0.3019999861717224 -0.25 -0.03999999910593033
  endloop
endfacet
facet normal 0 0 0
  outer loop
    vertex 0.3019999861717224 -0.25 -0.03999999910593033
    vertex -0.2994000017642975 -0.22499999403953552 -0.03999999910593033
    vertex 0.2994000017642975 -0.22499999403953552 -0.03999999910593033
  endloop
endfacet
facet normal 0 0 0
  outer loop
    vertex 0.3019999861717224 -0.25 -0.03999999910593033
    vertex 0.2994000017642975 -0.22499999403953552 -0.03999999910593033
    vertex 0.3019999861717224 -0.25 0.03999999910593033
  endloop
endfacet
facet normal 0 0 0
  outer loop
    vertex 0.3019999861717224 -0.25 0.03999999910593033
    vertex 0.2994000017642975 -0.22499999403953552 -0.03999999910593033
    vertex 0.2994000017642975 -0.22499999403953552 0.03999999910593033
  endloop
endfacet
facet normal 0 0 0
  outer loop
    vertex 0.3019999861717224 -0.25 0.03999999910593033
    vertex 0.2994000017642975 -0.22499999403953552 0.03999999910593033
    vertex -0.3019999861717224 -0.25 0.03999999910593033
  endloop
endfacet
facet normal 0 0 0
  outer loop
    vertex -0.3019999861717224 -0.25 0.03999999910593033
    vertex 0.2994000017642975 -0.22499999403953552 0.03999999910593033
    vertex -0.2994000017642975 -0.22499999403953552 0.03999999910593033
  endloop
endfacet
facet normal 0 0 0
  outer loop
    vertex -0.3019999861717224 -0.25 0.03999999910593033
    vertex -0.2994000017642975 -0.22499999403953552 0.03999999910593033
    vertex -0.3019999861717224 -0.25 -0.03999999910593033
  endloop
endfacet
facet normal 0 0 0
  outer loop
    vertex -0.3019999861717224 -0.25 -0.03999999910593033
    vertex -0.2994000017642975 -0.22499999403953552 0.03999999910593033
    vertex -0.2994000017642975 -0.22499999403953552 -0.03999999910593033
  endloop
endfacet
facet normal 0 0 0
  outer loop
    vertex -0.2994000017642975 -0.22499999403953552 -0.03999999910593033
    vertex -0.29679998755455017 -0.20000000298023224 -0.03999999910593033
    vertex 0.2994000017642975 -0.22499999403953552 -0.03999999910593033
  endloop
endfacet
facet normal 0 0 0
  outer loop
    vertex 0.2994000017642975 -0.22499999403953552 -0.03999999910593033
    vertex -0.29679998755455017 -0.20000000298023224 -0.03999999910593033
    vertex 0.29679998755455017 -0.20000000298023224 -0.03999999910593033
  endloop
endfacet
facet normal 0 0 0
  outer loop
    vertex 0.2994000017642975 -0.22499999403953552 -0.03999999910593033
    vertex 0.29679998755455017 -0.20000000298023224 -0.03999999910593033
    vertex 0.2994000017642975 -0.22499999403953552 0.03999999910593033
  endloop
endfacet
facet normal 0 0 0
  outer loop
    vertex 0.2994000017642975 -0.22499999403953552 0.03999999910593033
    vertex 0.29679998755455017 -0.20000000298023224 -0.03999999910593033
    vertex 0.29679998755455017 -0.20000000298023224 0.03999999910593033
  endloop
endfacet
facet normal 0 0 0
  outer loop
    vertex 0.2994000017642975 -0.22499999403953552 0.03999999910593033
    vertex 0.29679998755455017 -0.20000000298023224 0.03999999910593033
    vertex -0.2994000017642975 -0.22499999403953552 0.03999999910593033
  endloop
endfacet
facet normal 0 0 0
  outer loop
    vertex -0.2994000017642975 -0.22499999403953552 0.03999999910593033
    vertex 0.29679998755455017 -0.20000000298023224 0.03999999910593033
    vertex -0.29679998755455017 -0.20000000298023224 0.03999999910593033
  endloop
endfacet
facet normal 0 0 0
  outer loop
    vertex -0.2994000017642975 -0.22499999403953552 0.03999999910593033
    vertex -0.29679998755455017 -0.20000000298023224 0.03999999910593033
    vertex -0.2994000017642975 -0.22499999403953552 -0.03999999910593033
  endloop
endfacet
facet normal 0 0 0
  outer loop
    vertex -0.2994000017642975 -0.22499999403953552 -0.03999999910593033
    vertex -0.29679998755455017 -0.20000000298023224 0.03999999910593033
    vertex -0.29679998755455017 -0.20000000298023224 -0.03999999910593033
  endloop
endfacet
facet normal 0 0 0
  outer loop
    vertex -0.29679998755455017 -0.20000000298023224 -0.03999999910593033
    vertex -0.29420000314712524 -0.17499999701976776 -0.03999999910593033
    vertex 0.29679998755455017 -0.20000000298023224 -0.03999999910593033
  endloop
endfacet
facet normal 0 0 0
  outer loop
    vertex 0.29679998755455017 -0.20000000298023224 -0.03999999910593033
    vertex -0.29420000314712524 -0.17499999701976776 -0.03999999910593033
    vertex 0.29420000314712524 -0.17499999701976776 -0.03999999910593033
  endloop
endfacet
facet normal 0 0 0
  outer loop
    vertex 0.29679998755455017 -0.20000000298023224 -0.03999999910593033
    vertex 0.29420000314712524 -0.17499999701976776 -0.03999999910593033
    vertex 0.29679998755455017 -0.20000000298023224 0.03999999910593033
  endloop
endfacet
facet normal 0 0 0
  outer loop
    vertex 0.29679998755455017 -0.20000000298023224 0.03999999910593033
    vertex 0.29420000314712524 -0.17499999701976776 -0.03999999910593033
    vertex 0.29420000314712524 -0.17499999701976776 0.03999999910593033
  endloop
endfacet
facet normal 0 0 0
  outer loop
    vertex 0.29679998755455017 -0.20000000298023224 0.03999999910593033
    vertex 0.29420000314712524 -0.17499999701976776 0.03999999910593033
    vertex -0.29679998755455017 -0.20000000298023224 0.03999999910593033
  endloop
endfacet
facet normal 0 0 0
  outer loop
    vertex -0.29679998755455017 -0.20000000298023224 0.03999999910593033
    vertex 0.29420000314712524 -0.17499999701976776 0.03999999910593033
    vertex -0.29420000314712524 -0.17499999701976776 0.03999999910593033
  endloop
endfacet
facet normal 0 0 0
  outer loop
    vertex -0.29679998755455017 -0.20000000298023224 0.03999999910593033
    vertex -0.29420000314712524 -0.17499999701976776 0.03999999910593033
    vertex -0.29679998755455017 -0.20000000298023224 -0.03999999910593033
  endloop
endfacet
facet normal 0 0 0
  outer loop
    vertex -0.29679998755455017 -0.20000000298023224 -0.03999999910593033
    vertex -0.29420000314712524 -0.17499999701976776 0.03999999910593033
    vertex -0.29420000314712524 -0.17499999701976776 -0.03999999910593033
  endloop
endfacet
facet normal 0 0 0
  outer loop
    vertex -0.29420000314712524 -0.17499999701976776 -0.03999999910593033
    vertex -0.29159998893737793 -0.15000000596046448 -0.03999999910593033
    vertex 0.29420000314712524 -0.17499999701976776 -0.03999999910593033
  endloop
endfacet
facet normal 0 0 0
  outer loop
    vertex 0.29420000314712524 -0.17499999701976776 -0.03999999910593033
    vertex -0.29159998893737793 -0.15000000596046448 -0.03999999910593033
    vertex 0.29159998893737793 -0.15000000596046448 -0.03999999910593033
  endloop
endfacet
facet normal 0 0 0
  outer loop
    vertex 0.29420000314712524 -0.17499999701976776 -0.03999999910593033
    vertex 0.29159998893737793 -0.15000000596046448 -0.03999999910593033
    vertex 0.29420000314712524 -0.17499999701976776 0.03999999910593033
  endloop
endfacet
facet normal 0 0 0
  outer loop
    vertex 0.29420000314712524 -0.17499999701976776 0.03999999910593033
    vertex 0.29159998893737793 -0.15000000596046448 -0.03999999910593033
    vertex 0.29159998893737793 -0.15000000596046448 0.03999999910593033
  endloop
endfacet
facet normal 0 0 0
  outer loop
    vertex 0.29420000314712524 -0.17499999701976776 0.03999999910593033
    vertex 0.29159998893737793 -0.15000000596046448 0.03999999910593033
    vertex -0.29420000314712524 -0.17499999701976776 0.03999999910593033
  endloop
endfacet
facet normal 0 0 0
  outer loop
    vertex -0.29420000314712524 -0.17499999701976776 0.03999999910593033
    vertex 0.29159998893737793 -0.15000000596046448 0.03999999910593033
    vertex -0.29159998893737793 -0.15000000596046448 0.03999999910593033
  endloop
endfacet
facet normal 0 0 0
  outer loop
    vertex -0.29420000314712524 -0.17499999701976776 0.03999999910593033
    vertex -0.29159998893737793 -0.15000000596046448 0.03999999910593033
    vertex -0.29420000314712524 -0.17499999701976776 -0.03999999910593033
  endloop
endfacet
facet normal 0 0 0
  outer loop
    vertex -0.29420000314712524 -0.17499999701976776 -0.03999999910593033
    vertex -0.29159998893737793 -0.15000000596046448 0.03999999910593033
    vertex -0.29159998893737793 -0.15000000596046448 -0.03999999910593033
  endloop
endfacet
facet normal 0 0 0
  outer loop
    vertex -0.29159998893737793 -0.15000000596046448 -0.03999999910593033
    vertex -0.289000004529953 -0.125 -0.03999999910593033
    vertex 0.29159998893737793 -0.15000000596046448 -0.03999999910593033
  endloop
endfacet
facet normal 0 0 0
  outer loop
    vertex 0.29159998893737793 -0.15000000596046448 -0.03999999910593033
    vertex -0.289000004529953 -0.125 -0.03999999910593033
    vertex 0.289000004529953 -0.125 -0.03999999910593033
  endloop
endfacet
facet normal 0 0 0
  outer loop
    vertex 0.29159998893737793 -0.15000000596046448 -0.03999999910593033
    vertex 0.289000004529953 -0.125 -0.03999999910593033
    vertex 0.29159998893737793 -0.15000000596046448 0.03999999910593033
  endloop
endfacet
facet normal 0 0 0
  outer loop
    vertex 0.29159998893737793 -0.15000000596046448 0.03999999910593033
    vertex 0.289000004529953 -0.125 -0.03999999910593033
    vertex 0.289000004529953 -0.125 0.03999999910593033
  endloop
endfacet
facet normal 0 0 0
  outer loop
    vertex 0.29159998893737793 -0.15000000596046448 0.03999999910593033
    vertex 0.289000004529953 -0.125 0.03999999910593033
    vertex -0.29159998893737793 -0.15000000596046448 0.03999999910593033
  endloop
endfacet
facet normal 0 0 0
  outer loop
    vertex -0.29159998893737793 -0.15000000596046448 0.03999999910593033
    vertex 0.289000004529953 -0.125 0.03999999910593033
    vertex -0.289000004529953 -0.125 0.03999999910593033
  endloop
endfacet
facet normal 0 0 0
  outer loop
    vertex -0.29159998893737793 -0.15000000596046448 0.03999999910593033
    vertex -0.289000004529953 -0.125 0.03999999910593033
    vertex -0.29159998893737793 -0.15000000596046448 -0.03999999910593033
  endloop
endfacet
facet normal 0 0 0
  outer loop
    vertex -0.29159998893737793 -0.15000000596046448 -0.03999999910593033
    vertex -0.289000004529953 -0.125 0.03999999910593033
    vertex -0.289000004529953 -0.125 -0.03999999910593033
  endloop
endfacet
facet normal 0 0 0
  outer loop
    vertex -0.289000004529953 -0.125 -0.03999999910593033
    vertex -0.2863999903202057 -0.10000000149011612 -0.03999999910593033
    vertex 0.289000004529953 -0.125 -0.03999999910593033
  endloop
endfacet
facet normal 0 0 0
  outer loop
    vertex 0.289000004529953 -0.125 -0.03999999910593033
    vertex -0.2863999903202057 -0.10000000149011612 -0.03999999910593033
    vertex 0.2863999903202057 -0.10000000149011612 -0.03999999910593033
  endloop
endfacet
facet normal 0 0 0
  outer loop
    vertex 0.289000004529953 -0.125 -0.03999999910593033
    vertex 0.2863999903202057 -0.10000000149011612 -0.03999999910593033
    vertex 0.289000004529953 -0.125 0.03999999910593033
  endloop
endfacet
facet normal 0 0 0
  outer loop
    vertex 0.289000004529953 -0.125 0.03999999910593033
    vertex 0.2863999903202057 -0.10000000149011612 -0.03999999910593033
    vertex 0.2863999903202057 -0.10000000149011612 0.03999999910593033
  endloop
endfacet
facet normal 0 0 0
  outer loop
    vertex 0.289000004529953 -0.125 0.03999999910593033
    vertex 0.2863999903202057 -0.10000000149011612 0.03999999910593033
    vertex -0.289000004529953 -0.125 0.03999999910593033
  endloop
endfacet
facet normal 0 0 0
  outer loop
    vertex -0.289000004529953 -0.125 0.03999999910593033
    vertex 0.2863999903202057 -0.10000000149011612 0.03999999910593033
    vertex -0.2863999903202057 -0.10000000149011612 0.03999999910593033
  endloop
endfacet
facet normal 0 0 0
  outer loop
    vertex -0.289000004529953 -0.125 0.03999999910593033
    vertex -0.2863999903202057 -0.10000000149011612 0.03999999910593033
    vertex -0.289000004529953 -0.125 -0.03999999910593033
  endloop
endfacet
facet normal 0 0 0
  outer loop
    vertex -0.289000004529953 -0.125 -0.03999999910593033
    vertex -0.2863999903202057 -0.10000000149011612 0.03999999910593033
    vertex -0.2863999903202057 -0.10000000149011612 -0.03999999910593033
  endloop
endfacet
facet normal 0 0 0
  outer loop
    vertex -0.2863999903202057 -0.10000000149011612 -0.03999999910593033
    vertex -0.28380000591278076 -0.07500000298023224 -0.03999999910593033
    vertex 0.2863999903202057 -0.10000000149011612 -0.03999999910593033
  endloop
endfacet
facet normal 0 0 0
  outer loop
    vertex 0.2863999903202057 -0.10000000149011612 -0.03999999910593033
    vertex -0.28380000591278076 -0.07500000298023224 -0.03999999910593033
    vertex 0.28380000591278076 -0.07500000298023224 -0.03999999910593033
  endloop
endfacet
facet normal 0 0 0
  outer loop
    vertex 0.2863999903202057 -0.10000000149011612 -0.03999999910593033
    vertex 0.28380000591278076 -0.07500000298023224 -0.03999999910593033
    vertex 0.2863999903202057 -0.10000000149011612 0.03999999910593033
  endloop
endfacet
facet normal 0 0 0
  outer loop
    vertex 0.2863999903202057 -0.10000000149011612 0.03999999910593033
    vertex 0.28380000591278076 -0.07500000298023224 -0.03999999910593033
    vertex 0.28380000591278076 -0.07500000298023224 0.03999999910593033
  endloop
endfacet
facet normal 0 0 0
  outer loop
    vertex 0.2863999903202057 -0.10000000149011612 0.03999999910593033
    vertex 0.28380000591278076 -0.07500000298023224 0.03999999910593033
    vertex -0.2863999903202057 -0.10000000149011612 0.03999999910593033
  endloop
endfacet
facet normal 0 0 0
  outer loop
    vertex -0.2863999903202057 -0.10000000149011612 0.03999999910593033
    vertex 0.28380000591278076 -0.07500000298023224 0.03999999910593033
    vertex -0.28380000591278076 -0.07500000298023224 0.03999999910593033
  endloop
endfacet
facet normal 0 0 0
  outer loop
    vertex -0.2863999903202057 -0.10000000149011612 0.03999999910593033
    vertex -0.28380000591278076 -0.07500000298023224 0.03999999910593033
    vertex -0.2863999903202057 -0.10000000149011612 -0.03999999910593033
  endloop
endfacet
facet normal 0 0 0
  outer loop
    vertex -0.2863999903202057 -0.10000000149011612 -0.03999999910593033
    vertex -0.28380000591278076 -0.07500000298023224 0.03999999910593033
    vertex -0.28380000591278076 -0.07500000298023224 -0.03999999910593033
  endloop
endfacet
facet normal 0 0 0
  outer loop
    vertex -0.28380000591278076 -0.07500000298023224 -0.03999999910593033
    vertex -0.28119999170303345 -0.05000000074505806 -0.03999999910593033
    vertex 0.28380000591278076 -0.07500000298023224 -0.03999999910593033
  endloop
endfacet
facet normal 0 0 0
  outer loop
    vertex 0.28380000591278076 -0.07500000298023224 -0.03999999910593033
    vertex -0.28119999170303345 -0.05000000074505806 -0.03999999910593033
    vertex 0.28119999170303345 -0.05000000074505806 -0.03999999910593033
  endloop
endfacet
facet normal 0 0 0
  outer loop
    vertex 0.28380000591278076 -0.07500000298023224 -0.03999999910593033
    vertex 0.28119999170303345 -0.05000000074505806 -0.03999999910593033
    vertex 0.28380000591278076 -0.07500000298023224 0.03999999910593033
  endloop
endfacet
facet normal 0 0 0
  outer loop
    vertex 0.28380000591278076 -0.07500000298023224 0.03999999910593033
    vertex 0.28119999170303345 -0.05000000074505806 -0.03999999910593033
    vertex 0.28119999170303345 -0.05000000074505806 0.03999999910593033
  endloop
endfacet
facet normal 0 0 0
  outer loop
    vertex 0.28380000591278076 -0.07500000298023224 0.03999999910593033
    vertex 0.28119999170303345 -0.05000000074505806 0.03999999910593033
    vertex -0.28380000591278076 -0.07500000298023224 0.03999999910593033
  endloop
endfacet
facet normal 0 0 0
  outer loop
    vertex -0.28380000591278076 -0.07500000298023224 0.03999999910593033
    vertex 0.28119999170303345 -0.05000000074505806 0.03999999910593033
    vertex -0.28119999170303345 -0.05000000074505806 0.03999999910593033
  endloop
endfacet
facet normal 0 0 0
  outer loop
    vertex -0.28380000591278076 -0.07500000298023224 0.03999999910593033
    vertex -0.28119999170303345 -0.05000000074505806 0.03999999910593033
    vertex -0.28380000591278076 -0.07500000298023224 -0.03999999910593033
  endloop
endfacet
facet normal 0 0 0
  outer loop
    vertex -0.28380000591278076 -0.07500000298023224 -0.03999999910593033
    vertex -0.28119999170303345 -0.05000000074505806 0.03999999910593033
    vertex -0.28119999170303345 -0.05000000074505806 -0.03999999910593033
  endloop
endfacet
facet normal 0 0 0
  outer loop
    vertex -0.28119999170303345 -0.05000000074505806 -0.03999999910593033
    vertex -0.2786000072956085 -0.02500000037252903 -0.03999999910593033
    vertex 0.28119999170303345 -0.05000000074505806 -0.03999999910593033
  endloop
endfacet
facet normal 0 0 0
  outer loop
    vertex 0.28119999170303345 -0.05000000074505806 -0.03999999910593033
    vertex -0.2786000072956085 -0.02500000037252903 -0.03999999910593033
    vertex 0.2786000072956085 -0.02500000037252903 -0.03999999910593033
  endloop
endfacet
facet normal 0 0 0
  outer loop
    vertex 0.28119999170303345 -0.05000000074505806 -0.03999999910593033
    vertex 0.2786000072956085 -0.02500000037252903 -0.03999999910593033
    vertex 0.28119999170303345 -0.05000000074505806 0.03999999910593033
  endloop
endfacet
facet normal 0 0 0
  outer loop
    vertex 0.28119999170303345 -0.05000000074505806 0.03999999910593033
    vertex 0.2786000072956085 -0.02500000037252903 -0.03999999910593033
    vertex 0.2786000072956085 -0.02500000037252903 0.03999999910593033
  endloop
endfacet
facet normal 0 0 0
  outer loop
    vertex 0.28119999170303345 -0.05000000074505806 0.03999999910593033
    vertex 0.2786000072956085 -0.02500000037252903 0.03999999910593033
    vertex -0.28119999170303345 -0.05000000074505806 0.03999999910593033
  endloop
endfacet
facet normal 0 0 0
  outer loop
    vertex -0.28119999170303345 -0.05000000074505806 0.03999999910593033
    vertex 0.2786000072956085 -0.02500000037252903 0.03999999910593033
    vertex -0.2786000072956085 -0.02500000037252903 0.03999999910593033
  endloop
endfacet
facet normal 0 0 0
  outer loop
    vertex -0.28119999170303345 -0.05000000074505806 0.03999999910593033
    vertex -0.2786000072956085 -0.02500000037252903 0.03999999910593033
    vertex -0.28119999170303345 -0.05000000074505806 -0.03999999910593033
  endloop
endfacet
facet normal 0 0 0
  outer loop
    vertex -0.28119999170303345 -0.05000000074505806 -0.03999999910593033
    vertex -0.2786000072956085 -0.02500000037252903 0.03999999910593033
    vertex -0.2786000072956085 -0.02500000037252903 -0.03999999910593033
  endloop
endfacet
facet normal 0 0 0
  outer loop
    vertex -0.2786000072956085 -0.02500000037252903 -0.03999999910593033
    vertex -0.2759999930858612 0 -0.03999999910593033
    vertex 0.2786000072956085 -0.02500000037252903 -0.03999999910593033
  endloop
endfacet
facet normal 0 0 0
  outer loop
    vertex 0.2786000072956085 -0.02500000037252903 -0.03999999910593033
    vertex -0.2759999930858612 0 -0.03999999910593033
    vertex 0.2759999930858612 0 -0.03999999910593033
  endloop
endfacet
facet normal 0 0 0
  outer loop
    vertex 0.2786000072956085 -0.02500000037252903 -0.03999999910593033
    vertex 0.2759999930858612 0 -0.03999999910593033
    vertex 0.2786000072956085 -0.02500000037252903 0.03999999910593033
  endloop
endfacet
facet normal 0 0 0
  outer loop
    vertex 0.2786000072956085 -0.02500000037252903 0.03999999910593033
    vertex 0.2759999930858612 0 -0.03999999910593033
    vertex 0.2759999930858612 0 0.03999999910593033
  endloop
endfacet
facet normal 0 0 0
  outer loop
    vertex 0.2786000072956085 -0.02500000037252903 0.03999999910593033
    vertex 0.2759999930858612 0 0.03999999910593033
    vertex -0.2786000072956085 -0.02500000037252903 0.03999999910593033
  endloop
endfacet
facet normal 0 0 0
  outer loop
    vertex -0.2786000072956085 -0.02500000037252903 0.03999999910593033
    vertex 0.2759999930858612 0 0.03999999910593033
    vertex -0.2759999930858612 0 0.03999999910593033
  endloop
endfacet
facet normal 0 0 0
  outer loop
    vertex -0.2786000072956085 -0.02500000037252903 0.03999999910593033
    vertex -0.2759999930858612 0 0.03999999910593033
    vertex -0.2786000072956085 -0.02500000037252903 -0.03999999910593033
  endloop
endfacet
facet normal 0 0 0
  outer loop
    vertex -0.2786000072956085 -0.02500000037252903 -0.03999999910593033
    vertex -0.2759999930858612 0 0.03999999910593033
    vertex -0.2759999930858612 0 -0.03999999910593033
  endloop
endfacet
facet normal 0 0 0
  outer loop
    vertex -0.2759999930858612 0 -0.03999999910593033
    vertex -0.27399998903274536 0.02500000037252903 -0.03999999910593033
    vertex 0.2759999930858612 0 -0.03999999910593033
  endloop
endfacet
facet normal 0 0 0
  outer loop
    vertex 0.2759999930858612 0 -0.03999999910593033
    vertex -0.27399998903274536 0.02500000037252903 -0.03999999910593033
    vertex 0.27399998903274536 0.02500000037252903 -0.03999999910593033
  endloop
endfacet
facet normal 0 0 0
  outer loop
    vertex 0.2759999930858612 0 -0.03999999910593033
    vertex 0.27399998903274536 0.02500000037252903 -0.03999999910593033
    vertex 0.2759999930858612 0 0.03999999910593033
  endloop
endfacet
facet normal 0 0 0
  outer loop
    vertex 0.2759999930858612 0 0.03999999910593033
    vertex 0.27399998903274536 0.02500000037252903 -0.03999999910593033
    vertex 0.27399998903274536 0.02500000037252903 0.03999999910593033
  endloop
endfacet
facet normal 0 0 0
  outer loop
    vertex 0.2759999930858612 0 0.03999999910593033
    vertex 0.27399998903274536 0.02500000037252903 0.03999999910593033
    vertex -0.2759999930858612 0 0.03999999910593033
  endloop
endfacet
facet normal 0 0 0
  outer loop
    vertex -0.2759999930858612 0 0.03999999910593033
    vertex 0.27399998903274536 0.02500000037252903 0.03999999910593033
    vertex -0.27399998903274536 0.02500000037252903 0.03999999910593033
  endloop
endfacet
facet normal 0 0 0
  outer loop
    vertex -0.2759999930858612 0 0.03999999910593033
    vertex -0.27399998903274536 0.02500000037252903 0.03999999910593033
    vertex -0.2759999930858612 0 -0.03999999910593033
  endloop
endfacet
facet normal 0 0 0
  outer loop
    vertex -0.2759999930858612 0 -0.03999999910593033
    vertex -0.27399998903274536 0.02500000037252903 0.03999999910593033
    vertex -0.27399998903274536 0.02500000037252903 -0.03999999910593033
  endloop
endfacet
facet normal 0 0 0
  outer loop
    vertex -0.27399998903274536 0.02500000037252903 -0.03999999910593033
    vertex -0.2720000147819519 0.05000000074505806 -0.03999999910593033
    vertex 0.27399998903274536 0.02500000037252903 -0.03999999910593033
  endloop
endfacet
facet normal 0 0 0
  outer loop
    vertex 0.27399998903274536 0.02500000037252903 -0.03999999910593033
    vertex -0.2720000147819519 0.05000000074505806 -0.03999999910593033
    vertex 0.2720000147819519 0.05000000074505806 -0.03999999910593033
  endloop
endfacet
facet normal 0 0 0
  outer loop
    vertex 0.27399998903274536 0.02500000037252903 -0.03999999910593033
    vertex 0.2720000147819519 0.05000000074505806 -0.03999999910593033
    vertex 0.27399998903274536 0.02500000037252903 0.03999999910593033
  endloop
endfacet
facet normal 0 0 0
  outer loop
    vertex 0.27399998903274536 0.02500000037252903 0.03999999910593033
    vertex 0.2720000147819519 0.05000000074505806 -0.03999999910593033
    vertex 0.2720000147819519 0.05000000074505806 0.03999999910593033
  endloop
endfacet
facet normal 0 0 0
  outer loop
    vertex 0.27399998903274536 0.02500000037252903 0.03999999910593033
    vertex 0.2720000147819519 0.05000000074505806 0.03999999910593033
    vertex -0.27399998903274536 0.02500000037252903 0.03999999910593033
  endloop
endfacet
facet normal 0 0 0
  outer loop
    vertex -0.27399998903274536 0.02500000037252903 0.03999999910593033
    vertex 0.2720000147819519 0.05000000074505806 0.03999999910593033
    vertex -0.2720000147819519 0.05000000074505806 0.03999999910593033
  endloop
endfacet
facet normal 0 0 0
  outer loop
    vertex -0.27399998903274536 0.02500000037252903 0.03999999910593033
    vertex -0.2720000147819519 0.05000000074505806 0.03999999910593033
    vertex -0.27399998903274536 0.02500000037252903 -0.03999999910593033
  endloop
endfacet
facet normal 0 0 0
  outer loop
    vertex -0.27399998903274536 0.02500000037252903 -0.03999999910593033
    vertex -0.2720000147819519 0.05000000074505806 0.03999999910593033
    vertex -0.2720000147819519 0.05000000074505806 -0.03999999910593033
  endloop
endfacet
facet normal 0 0 0
  outer loop
    vertex -0.2720000147819519 0.05000000074505806 -0.03999999910593033
    vertex -0.27000001072883606 0.07500000298023224 -0.03999999910593033
    vertex 0.2720000147819519 0.05000000074505806 -0.03999999910593033
  endloop
endfacet
facet normal 0 0 0
  outer loop
    vertex 0.2720000147819519 0.05000000074505806 -0.03999999910593033
    vertex -0.27000001072883606 0.07500000298023224 -0.03999999910593033
    vertex 0.27000001072883606 0.07500000298023224 -0.03999999910593033
  endloop
endfacet
facet normal 0 0 0
  outer loop
    vertex 0.2720000147819519 0.05000000074505806 -0.03999999910593033
    vertex 0.27000001072883606 0.07500000298023224 -0.03999999910593033
    vertex 0.2720000147819519 0.05000000074505806 0.03999999910593033
  endloop
endfacet
facet normal 0 0 0
  outer loop
    vertex 0.2720000147819519 0.05000000074505806 0.03999999910593033
    vertex 0.27000001072883606 0.07500000298023224 -0.03999999910593033
    vertex 0.27000001072883606 0.07500000298023224 0.03999999910593033
  endloop
endfacet
facet normal 0 0 0
  outer loop
    vertex 0.2720000147819519 0.05000000074505806 0.03999999910593033
    vertex 0.27000001072883606 0.07500000298023224 0.03999999910593033
    vertex -0.2720000147819519 0.05000000074505806 0.03999999910593033
  endloop
endfacet
facet normal 0 0 0
  outer loop
    vertex -0.2720000147819519 0.05000000074505806 0.03999999910593033
    vertex 0.27000001072883606 0.07500000298023224 0.03999999910593033
    vertex -0.27000001072883606 0.07500000298023224 0.03999999910593033
  endloop
endfacet
facet normal 0 0 0
  outer loop
    vertex -0.2720000147819519 0.05000000074505806 0.03999999910593033
    vertex -0.27000001072883606 0.07500000298023224 0.03999999910593033
    vertex -0.2720000147819519 0.05000000074505806 -0.03999999910593033
  endloop
endfacet
facet normal 0 0 0
  outer loop
    vertex -0.2720000147819519 0.05000000074505806 -0.03999999910593033
    vertex -0.27000001072883606 0.07500000298023224 0.03999999910593033
    vertex -0.27000001072883606 0.07500000298023224 -0.03999999910593033
  endloop
endfacet
facet normal 0 0 0
  outer loop
    vertex -0.27000001072883606 0.07500000298023224 -0.03999999910593033
    vertex -0.2680000066757202 0.10000000149011612 -0.03999999910593033
    vertex 0.27000001072883606 0.07500000298023224 -0.03999999910593033
  endloop
endfacet
facet normal 0 0 0
  outer loop
    vertex 0.27000001072883606 0.07500000298023224 -0.03999999910593033
    vertex -0.2680000066757202 0.10000000149011612 -0.03999999910593033
    vertex 0.2680000066757202 0.10000000149011612 -0.03999999910593033
  endloop
endfacet
facet normal 0 0 0
  outer loop
    vertex 0.27000001072883606 0.07500000298023224 -0.03999999910593033
    vertex 0.2680000066757202 0.10000000149011612 -0.03999999910593033
    vertex 0.27000001072883606 0.07500000298023224 0.03999999910593033
  endloop
endfacet
facet normal 0 0 0
  outer loop
    vertex 0.27000001072883606 0.07500000298023224 0.03999999910593033
    vertex 0.2680000066757202 0.10000000149011612 -0.03999999910593033
    vertex 0.2680000066757202 0.10000000149011612 0.03999999910593033
  endloop
endfacet
facet normal 0 0 0
  outer loop
    vertex 0.27000001072883606 0.07500000298023224 0.03999999910593033
    vertex 0.2680000066757202 0.10000000149011612 0.03999999910593033
    vertex -0.27000001072883606 0.07500000298023224 0.03999999910593033
  endloop
endfacet
facet normal 0 0 0
  outer loop
    vertex -0.27000001072883606 0.07500000298023224 0.03999999910593033
    vertex 0.2680000066757202 0.10000000149011612 0.03999999910593033
    vertex -0.2680000066757202 0.10000000149011612 0.03999999910593033
  endloop
endfacet
facet normal 0 0 0
  outer loop
    vertex -0.27000001072883606 0.07500000298023224 0.03999999910593033
    vertex -0.2680000066757202 0.10000000149011612 0.03999999910593033
    vertex -0.27000001072883606 0.07500000298023224 -0.03999999910593033
  endloop
endfacet
facet normal 0 0 0
  outer loop
    vertex -0.27000001072883606 0.07500000298023224 -0.03999999910593033
    vertex -0.2680000066757202 0.10000000149011612 0.03999999910593033
    vertex -0.2680000066757202 0.10000000149011612 -0.03999999910593033
  endloop
endfacet
facet normal 0 0 0
  outer loop
    vertex -0.2680000066757202 0.10000000149011612 -0.03999999910593033
    vertex -0.26600000262260437 0.125 -0.03999999910593033
    vertex 0.2680000066757202 0.10000000149011612 -0.03999999910593033
  endloop
endfacet
facet normal 0 0 0
  outer loop
    vertex 0.2680000066757202 0.10000000149011612 -0.03999999910593033
    vertex -0.26600000262260437 0.125 -0.03999999910593033
    vertex 0.26600000262260437 0.125 -0.03999999910593033
  endloop
endfacet
facet normal 0 0 0
  outer loop
    vertex 0.2680000066757202 0.10000000149011612 -0.03999999910593033
    vertex 0.26600000262260437 0.125 -0.03999999910593033
    vertex 0.2680000066757202 0.10000000149011612 0.03999999910593033
  endloop
endfacet
facet normal 0 0 0
  outer loop
    vertex 0.2680000066757202 0.10000000149011612 0.03999999910593033
    vertex 0.26600000262260437 0.125 -0.03999999910593033
    vertex 0.26600000262260437 0.125 0.03999999910593033
  endloop
endfacet
facet normal 0 0 0
  outer loop
    vertex 0.2680000066757202 0.10000000149011612 0.03999999910593033
    vertex 0.26600000262260437 0.125 0.03999999910593033
    vertex -0.2680000066757202 0.10000000149011612 0.03999999910593033
  endloop
endfacet
facet normal 0 0 0
  outer loop
    vertex -0.2680000066757202 0.10000000149011612 0.03999999910593033
    vertex 0.26600000262260437 0.125 0.03999999910593033
    vertex -0.26600000262260437 0.125 0.03999999910593033
  endloop
endfacet
facet normal 0 0 0
  outer loop
    vertex -0.2680000066757202 0.10000000149011612 0.03999999910593033
    vertex -0.26600000262260437 0.125 0.03999999910593033
    vertex -0.2680000066757202 0.10000000149011612 -0.03999999910593033
  endloop
endfacet
facet normal 0 0 0
  outer loop
    vertex -0.2680000066757202 0.10000000149011612 -0.03999999910593033
    vertex -0.26600000262260437 0.125 0.03999999910593033
    vertex -0.26600000262260437 0.125 -0.03999999910593033
  endloop
endfacet
facet normal 0 0 0
  outer loop
    vertex -0.26600000262260437 0.125 -0.03999999910593033
    vertex -0.2639999985694885 0.15000000596046448 -0.03999999910593033
    vertex 0.26600000262260437 0.125 -0.03999999910593033
  endloop
endfacet
facet normal 0 0 0
  outer loop
    vertex 0.26600000262260437 0.125 -0.03999999910593033
    vertex -0.2639999985694885 0.15000000596046448 -0.03999999910593033
    vertex 0.2639999985694885 0.15000000596046448 -0.03999999910593033
  endloop
endfacet
facet normal 0 0 0
  outer loop
    vertex 0.26600000262260437 0.125 -0.03999999910593033
    vertex 0.2639999985694885 0.15000000596046448 -0.03999999910593033
    vertex 0.26600000262260437 0.125 0.03999999910593033
  endloop
endfacet
facet normal 0 0 0
  outer loop
    vertex 0.26600000262260437 0.125 0.03999999910593033
    vertex 0.2639999985694885 0.15000000596046448 -0.03999999910593033
    vertex 0.2639999985694885 0.15000000596046448 0.03999999910593033
  endloop
endfacet
facet normal 0 0 0
  outer loop
    vertex 0.26600000262260437 0.125 0.03999999910593033
    vertex 0.2639999985694885 0.15000000596046448 0.03999999910593033
    vertex -0.26600000262260437 0.125 0.03999999910593033
  endloop
endfacet
facet normal 0 0 0
  outer loop
    vertex -0.26600000262260437 0.125 0.03999999910593033
    vertex 0.2639999985694885 0.15000000596046448 0.03999999910593033
    vertex -0.2639999985694885 0.15000000596046448 0.03999999910593033
  endloop
endfacet
facet normal 0 0 0
  outer loop
    vertex -0.26600000262260437 0.125 0.03999999910593033
    vertex -0.2639999985694885 0.15000000596046448 0.03999999910593033
    vertex -0.26600000262260437 0.125 -0.03999999910593033
  endloop
endfacet
facet normal 0 0 0
  outer loop
    vertex -0.26600000262260437 0.125 -0.03999999910593033
    vertex -0.2639999985694885 0.15000000596046448 0.03999999910593033
    vertex -0.2639999985694885 0.15000000596046448 -0.03999999910593033
  endloop
endfacet
facet normal 0 0 0
  outer loop
    vertex -0.2639999985694885 0.15000000596046448 -0.03999999910593033
    vertex -0.2619999945163727 0.17499999701976776 -0.03999999910593033
    vertex 0.2639999985694885 0.15000000596046448 -0.03999999910593033
  endloop
endfacet
facet normal 0 0 0
  outer loop
    vertex 0.2639999985694885 0.15000000596046448 -0.03999999910593033
    vertex -0.2619999945163727 0.17499999701976776 -0.03999999910593033
    vertex 0.2619999945163727 0.17499999701976776 -0.03999999910593033
  endloop
endfacet
facet normal 0 0 0
  outer loop
    vertex 0.2639999985694885 0.15000000596046448 -0.03999999910593033
    vertex 0.2619999945163727 0.17499999701976776 -0.03999999910593033
    vertex 0.2639999985694885 0.15000000596046448 0.03999999910593033
  endloop
endfacet
facet normal 0 0 0
  outer loop
    vertex 0.2639999985694885 0.15000000596046448 0.03999999910593033
    vertex 0.2619999945163727 0.17499999701976776 -0.03999999910593033
    vertex 0.2619999945163727 0.17499999701976776 0.03999999910593033
  endloop
endfacet
facet normal 0 0 0
  outer loop
    vertex 0.2639999985694885 0.15000000596046448 0.03999999910593033
    vertex 0.2619999945163727 0.17499999701976776 0.03999999910593033
    vertex -0.2639999985694885 0.15000000596046448 0.03999999910593033
  endloop
endfacet
facet normal 0 0 0
  outer loop
    vertex -0.2639999985694885 0.15000000596046448 0.03999999910593033
    vertex 0.2619999945163727 0.17499999701976776 0.03999999910593033
    vertex -0.2619999945163727 0.17499999701976776 0.03999999910593033
  endloop
endfacet
facet normal 0 0 0
  outer loop
    vertex -0.2639999985694885 0.15000000596046448 0.03999999910593033
    vertex -0.2619999945163727 0.17499999701976776 0.03999999910593033
    vertex -0.2639999985694885 0.15000000596046448 -0.03999999910593033
  endloop
endfacet
facet normal 0 0 0
  outer loop
    vertex -0.2639999985694885 0.15000000596046448 -0.03999999910593033
    vertex -0.2619999945163727 0.17499999701976776 0.03999999910593033
    vertex -0.2619999945163727 0.17499999701976776 -0.03999999910593033
  endloop
endfacet
facet normal 0 0 0
  outer loop
    vertex -0.2619999945163727 0.17499999701976776 -0.03999999910593033
    vertex -0.25999999046325684 0.20000000298023224 -0.03999999910593033
    vertex 0.2619999945163727 0.17499999701976776 -0.03999999910593033
  endloop
endfacet
facet normal 0 0 0
  outer loop
    vertex 0.2619999945163727 0.17499999701976776 -0.03999999910593033
    vertex -0.25999999046325684 0.20000000298023224 -0.03999999910593033
    vertex 0.25999999046325684 0.20000000298023224 -0.03999999910593033
  endloop
endfacet
facet normal 0 0 0
  outer loop
    vertex 0.2619999945163727 0.17499999701976776 -0.03999999910593033
    vertex 0.25999999046325684 0.20000000298023224 -0.03999999910593033
    vertex 0.2619999945163727 0.17499999701976776 0.03999999910593033
  endloop
endfacet
facet normal 0 0 0
  outer loop
    vertex 0.2619999945163727 0.17499999701976776 0.03999999910593033
    vertex 0.25999999046325684 0.20000000298023224 -0.03999999910593033
    vertex 0.25999999046325684 0.20000000298023224 0.03999999910593033
  endloop
endfacet
facet normal 0 0 0
  outer loop
    vertex 0.2619999945163727 0.17499999701976776 0.03999999910593033
    vertex 0.25999999046325684 0.20000000298023224 0.03999999910593033
    vertex -0.2619999945163727 0.17499999701976776 0.03999999910593033
  endloop
endfacet
facet normal 0 0 0
  outer loop
    vertex -0.2619999945163727 0.17499999701976776 0.03999999910593033
    vertex 0.25999999046325684 0.20000000298023224 0.03999999910593033
    vertex -0.25999999046325684 0.20000000298023224 0.03999999910593033
  endloop
endfacet
facet normal 0 0 0
  outer loop
    vertex -0.2619999945163727 0.17499999701976776 0.03999999910593033
    vertex -0.25999999046325684 0.20000000298023224 0.03999999910593033
    vertex -0.2619999945163727 0.17499999701976776 -0.03999999910593033
  endloop
endfacet
facet normal 0 0 0
  outer loop
    vertex -0.2619999945163727 0.17499999701976776 -0.03999999910593033
    vertex -0.25999999046325684 0.20000000298023224 0.03999999910593033
    vertex -0.25999999046325684 0.20000000298023224 -0.03999999910593033
  endloop
endfacet
facet normal 0 0 0
  outer loop
    vertex -0.25999999046325684 0.20000000298023224 -0.03999999910593033
    vertex -0.257999986410141 0.22499999403953552 -0.03999999910593033
    vertex 0.25999999046325684 0.20000000298023224 -0.03999999910593033
  endloop
endfacet
facet normal 0 0 0
  outer loop
    vertex 0.25999999046325684 0.20000000298023224 -0.03999999910593033
    vertex -0.257999986410141 0.22499999403953552 -0.03999999910593033
    vertex 0.257999986410141 0.22499999403953552 -0.03999999910593033
  endloop
endfacet
facet normal 0 0 0
  outer loop
    vertex 0.25999999046325684 0.20000000298023224 -0.03999999910593033
    vertex 0.257999986410141 0.22499999403953552 -0.03999999910593033
    vertex 0.25999999046325684 0.20000000298023224 0.03999999910593033
  endloop
endfacet
facet normal 0 0 0
  outer loop
    vertex 0.25999999046325684 0.20000000298023224 0.03999999910593033
    vertex 0.257999986410141 0.22499999403953552 -0.03999999910593033
    vertex 0.257999986410141 0.22499999403953552 0.03999999910593033
  endloop
endfacet
facet normal 0 0 0
  outer loop
    vertex 0.25999999046325684 0.20000000298023224 0.03999999910593033
    vertex 0.257999986410141 0.22499999403953552 0.03999999910593033
    vertex -0.25999999046325684 0.20000000298023224 0.03999999910593033
  endloop
endfacet
facet normal 0 0 0
  outer loop
    vertex -0.25999999046325684 0.20000000298023224 0.03999999910593033
    vertex 0.257999986410141 0.22499999403953552 0.03999999910593033
    vertex -0.257999986410141 0.22499999403953552 0.03999999910593033
  endloop
endfacet
facet normal 0 0 0
  outer loop
    vertex -0.25999999046325684 0.20000000298023224 0.03999999910593033
    vertex -0.257999986410141 0.22499999403953552 0.03999999910593033
    vertex -0.25999999046325684 0.20000000298023224 -0.03999999910593033
  endloop
endfacet
facet normal 0 0 0
  outer loop
    vertex -0.25999999046325684 0.20000000298023224 -0.03999999910593033
    vertex -0.257999986410141 0.22499999403953552 0.03999999910593033
    vertex -0.257999986410141 0.22499999403953552 -0.03999999910593033
  endloop
endfacet
facet normal 0 0 0
  outer loop
    vertex -0.257999986410141 0.22499999403953552 -0.03999999910593033
    vertex -0.25600001215934753 0.25 -0.03999999910593033
    vertex 0.257999986410141 0.22499999403953552 -0.03999999910593033
  endloop
endfacet
facet normal 0 0 0
  outer loop
    vertex 0.257999986410141 0.22499999403953552 -0.03999999910593033
    vertex -0.25600001215934753 0.25 -0.03999999910593033
    vertex 0.25600001215934753 0.25 -0.03999999910593033
  endloop
endfacet
facet normal 0 0 0
  outer loop
    vertex 0.257999986410141 0.22499999403953552 -0.03999999910593033
    vertex 0.25600001215934753 0.25 -0.03999999910593033
    vertex 0.257999986410141 0.22499999403953552 0.03999999910593033
  endloop
endfacet
facet normal 0 0 0
  outer loop
    vertex 0.257999986410141 0.22499999403953552 0.03999999910593033
    vertex 0.25600001215934753 0.25 -0.03999999910593033
    vertex 0.25600001215934753 0.25 0.03999999910593033
  endloop
endfacet
facet normal 0 0 0
  outer loop
    vertex 0.257999986410141 0.22499999403953552 0.03999999910593033
    vertex 0.25600001215934753 0.25 0.03999999910593033
    vertex -0.257999986410141 0.22499999403953552 0.03999999910593033
  endloop
endfacet
facet normal 0 0 0
  outer loop
    vertex -0.257999986410141 0.22499999403953552 0.03999999910593033
    vertex 0.25600001215934753 0.25 0.03999999910593033
    vertex -0.25600001215934753 0.25 0.03999999910593033
  endloop
endfacet
facet normal 0 0 0
  outer loop
    vertex -0.257999986410141 0.22499999403953552 0.03999999910593033
    vertex -0.25600001215934753 0.25 0.03999999910593033
    vertex -0.257999986410141 0.22499999403953552 -0.03999999910593033
  endloop
endfacet
facet normal 0 0 0
  outer loop
    vertex -0.257999986410141 0.22499999403953552 -0.03999999910593033
    vertex -0.25600001215934753 0.25 0.03999999910593033
    vertex -0.25600001215934753 0.25 -0.03999999910593033
  endloop
endfacet
facet normal 0 0 0
  outer loop
    vertex -0.25600001215934753 0.25 -0.03999999910593033
    vertex -0.2540000081062317 0.2750000059604645 -0.03999999910593033
    vertex 0.25600001215934753 0.25 -0.03999999910593033
  endloop
endfacet
facet normal 0 0 0
  outer loop
    vertex 0.25600001215934753 0.25 -0.03999999910593033
    vertex -0.2540000081062317 0.2750000059604645 -0.03999999910593033
    vertex 0.2540000081062317 0.2750000059604645 -0.03999999910593033
  endloop
endfacet
facet normal 0 0 0
  outer loop
    vertex 0.25600001215934753 0.25 -0.03999999910593033
    vertex 0.2540000081062317 0.2750000059604645 -0.03999999910593033
    vertex 0.25600001215934753 0.25 0.03999999910593033
  endloop
endfacet
facet normal 0 0 0
  outer loop
    vertex 0.25600001215934753 0.25 0.03999999910593033
    vertex 0.2540000081062317 0.2750000059604645 -0.03999999910593033
    vertex 0.2540000081062317 0.2750000059604645 0.03999999910593033
  endloop
endfacet
facet normal 0 0 0
  outer loop
    vertex 0.25600001215934753 0.25 0.03999999910593033
    vertex 0.2540000081062317 0.2750000059604645 0.03999999910593033
    vertex -0.25600001215934753 0.25 0.03999999910593033
  endloop
endfacet
facet normal 0 0 0
  outer loop
    vertex -0.25600001215934753 0.25 0.03999999910593033
    vertex 0.2540000081062317 0.2750000059604645 0.03999999910593033
    vertex -0.2540000081062317 0.2750000059604645 0.03999999910593033
  endloop
endfacet
facet normal 0 0 0
  outer loop
    vertex -0.25600001215934753 0.25 0.03999999910593033
    vertex -0.2540000081062317 0.2750000059604645 0.03999999910593033
    vertex -0.25600001215934753 0.25 -0.03999999910593033
  endloop
endfacet
facet normal 0 0 0
  outer loop
    vertex -0.25600001215934753 0.25 -0.03999999910593033
    vertex -0.2540000081062317 0.2750000059604645 0.03999999910593033
    vertex -0.2540000081062317 0.2750000059604645 -0.03999999910593033
  endloop
endfacet
facet normal 0 0 0
  outer loop
    vertex -0.2540000081062317 0.2750000059604645 -0.03999999910593033
    vertex -0.25200000405311584 0.30000001192092896 -0.03999999910593033
    vertex 0.2540000081062317 0.2750000059604645 -0.03999999910593033
  endloop
endfacet
facet normal 0 0 0
  outer loop
    vertex 0.2540000081062317 0.2750000059604645 -0.03999999910593033
    vertex -0.25200000405311584 0.30000001192092896 -0.03999999910593033
    vertex 0.25200000405311584 0.30000001192092896 -0.03999999910593033
  endloop
endfacet
facet normal 0 0 0
  outer loop
    vertex 0.2540000081062317 0.2750000059604645 -0.03999999910593033
    vertex 0.25200000405311584 0.30000001192092896 -0.03999999910593033
    vertex 0.2540000081062317 0.2750000059604645 0.03999999910593033
  endloop
endfacet
facet normal 0 0 0
  outer loop
    vertex 0.2540000081062317 0.2750000059604645 0.03999999910593033
    vertex 0.25200000405311584 0.30000001192092896 -0.03999999910593033
    vertex 0.25200000405311584 0.30000001192092896 0.03999999910593033
  endloop
endfacet
facet normal 0 0 0
  outer loop
    vertex 0.2540000081062317 0.2750000059604645 0.03999999910593033
    vertex 0.25200000405311584 0.30000001192092896 0.03999999910593033
    vertex -0.2540000081062317 0.2750000059604645 0.03999999910593033
  endloop
endfacet
facet normal 0 0 0
  outer loop
    vertex -0.2540000081062317 0.2750000059604645 0.03999999910593033
    vertex 0.25200000405311584 0.30000001192092896 0.03999999910593033
    vertex -0.25200000405311584 0.30000001192092896 0.03999999910593033
  endloop
endfacet
facet normal 0 0 0
  outer loop
    vertex -0.2540000081062317 0.2750000059604645 0.03999999910593033
    vertex -0.25200000405311584 0.30000001192092896 0.03999999910593033
    vertex -0.2540000081062317 0.2750000059604645 -0.03999999910593033
  endloop
endfacet
facet normal 0 0 0
  outer loop
    vertex -0.2540000081062317 0.2750000059604645 -0.03999999910593033
    vertex -0.25200000405311584 0.30000001192092896 0.03999999910593033
    vertex -0.25200000405311584 0.30000001192092896 -0.03999999910593033
  endloop
endfacet
facet normal 0 0 0
  outer loop
    vertex -0.25200000405311584 0.30000001192092896 -0.03999999910593033
    vertex -0.25 0.32499998807907104 -0.03999999910593033
    vertex 0.25200000405311584 0.30000001192092896 -0.03999999910593033
  endloop
endfacet
facet normal 0 0 0
  outer loop
    vertex 0.25200000405311584 0.30000001192092896 -0.03999999910593033
    vertex -0.25 0.32499998807907104 -0.03999999910593033
    vertex 0.25 0.32499998807907104 -0.03999999910593033
  endloop
endfacet
facet normal 0 0 0
  outer loop
    vertex 0.25200000405311584 0.30000001192092896 -0.03999999910593033
    vertex 0.25 0.32499998807907104 -0.03999999910593033
    vertex 0.25200000405311584 0.30000001192092896 0.03999999910593033
  endloop
endfacet
facet normal 0 0 0
  outer loop
    vertex 0.25200000405311584 0.30000001192092896 0.03999999910593033
    vertex 0.25 0.32499998807907104 -0.03999999910593033
    vertex 0.25 0.32499998807907104 0.03999999910593033
  endloop
endfacet
facet normal 0 0 0
  outer loop
    vertex 0.25200000405311584 0.30000001192092896 0.03999999910593033
    vertex 0.25 0.32499998807907104 0.03999999910593033
    vertex -0.25200000405311584 0.30000001192092896 0.03999999910593033
  endloop
endfacet
facet normal 0 0 0
  outer loop
    vertex -0.25200000405311584 0.30000001192092896 0.03999999910593033
    vertex 0.25 0.32499998807907104 0.03999999910593033
    vertex -0.25 0.32499998807907104 0.03999999910593033
  endloop
endfacet
facet normal 0 0 0
  outer loop
    vertex -0.25200000405311584 0.30000001192092896 0.03999999910593033
    vertex -0.25 0.32499998807907104 0.03999999910593033
    vertex -0.25200000405311584 0.30000001192092896 -0.03999999910593033
  endloop
endfacet
facet normal 0 0 0
  outer loop
    vertex -0.25200000405311584 0.30000001192092896 -0.03999999910593033
    vertex -0.25 0.32499998807907104 0.03999999910593033
    vertex -0.25 0.32499998807907104 -0.03999999910593033
  endloop
endfacet
facet normal 0 0 0
  outer loop
    vertex -0.25 0.32499998807907104 -0.03999999910593033
    vertex -0.24799999594688416 0.3499999940395355 -0.03999999910593033
    vertex 0.25 0.32499998807907104 -0.03999999910593033
  endloop
endfacet
facet normal 0 0 0
  outer loop
    vertex 0.25 0.32499998807907104 -0.03999999910593033
    vertex -0.24799999594688416 0.3499999940395355 -0.03999999910593033
    vertex 0.24799999594688416 0.3499999940395355 -0.03999999910593033
  endloop
endfacet
facet normal 0 0 0
  outer loop
    vertex 0.25 0.32499998807907104 -0.03999999910593033
    vertex 0.24799999594688416 0.3499999940395355 -0.03999999910593033
    vertex 0.25 0.32499998807907104 0.03999999910593033
  endloop
endfacet
facet normal 0 0 0
  outer loop
    vertex 0.25 0.32499998807907104 0.03999999910593033
    vertex 0.24799999594688416 0.3499999940395355 -0.03999999910593033
    vertex 0.24799999594688416 0.3499999940395355 0.03999999910593033
  endloop
endfacet
facet normal 0 0 0
  outer loop
    vertex 0.25 0.32499998807907104 0.03999999910593033
    vertex 0.24799999594688416 0.3499999940395355 0.03999999910593033
    vertex -0.25 0.32499998807907104 0.03999999910593033
  endloop
endfacet
facet normal 0 0 0
  outer loop
    vertex -0.25 0.32499998807907104 0.03999999910593033
    vertex 0.24799999594688416 0.3499999940395355 0.03999999910593033
    vertex -0.24799999594688416 0.3499999940395355 0.03999999910593033
  endloop
endfacet
facet normal 0 0 0
  outer loop
    vertex -0.25 0.32499998807907104 0.03999999910593033
    vertex -0.24799999594688416 0.3499999940395355 0.03999999910593033
    vertex -0.25 0.32499998807907104 -0.03999999910593033
  endloop
endfacet
facet normal 0 0 0
  outer loop
    vertex -0.25 0.32499998807907104 -0.03999999910593033
    vertex -0.24799999594688416 0.3499999940395355 0.03999999910593033
    vertex -0.24799999594688416 0.3499999940395355 -0.03999999910593033
  endloop
endfacet
facet normal 0 0 0
  outer loop
    vertex -0.24799999594688416 0.3499999940395355 -0.03999999910593033
    vertex -0.2460000067949295 0.375 -0.03999999910593033
    vertex 0.24799999594688416 0.3499999940395355 -0.03999999910593033
  endloop
endfacet
facet normal 0 0 0
  outer loop
    vertex 0.24799999594688416 0.3499999940395355 -0.03999999910593033
    vertex -0.2460000067949295 0.375 -0.03999999910593033
    vertex 0.2460000067949295 0.375 -0.03999999910593033
  endloop
endfacet
facet normal 0 0 0
  outer loop
    vertex 0.24799999594688416 0.3499999940395355 -0.03999999910593033
    vertex 0.2460000067949295 0.375 -0.03999999910593033
    vertex 0.24799999594688416 0.3499999940395355 0.03999999910593033
  endloop
endfacet
facet normal 0 0 0
  outer loop
    vertex 0.24799999594688416 0.3499999940395355 0.03999999910593033
    vertex 0.2460000067949295 0.375 -0.03999999910593033
    vertex 0.2460000067949295 0.375 0.03999999910593033
  endloop
endfacet
facet normal 0 0 0
  outer loop
    vertex 0.24799999594688416 0.3499999940395355 0.03999999910593033
    vertex 0.2460000067949295 0.375 0.03999999910593033
    vertex -0.24799999594688416 0.3499999940395355 0.03999999910593033
  endloop
endfacet
facet normal 0 0 0
  outer loop
    vertex -0.24799999594688416 0.3499999940395355 0.03999999910593033
    vertex 0.2460000067949295 0.375 0.03999999910593033
    vertex -0.2460000067949295 0.375 0.03999999910593033
  endloop
endfacet
facet normal 0 0 0
  outer loop
    vertex -0.24799999594688416 0.3499999940395355 0.03999999910593033
    vertex -0.2460000067949295 0.375 0.03999999910593033
    vertex -0.24799999594688416 0.3499999940395355 -0.03999999910593033
  endloop
endfacet
facet normal 0 0 0
  outer loop
    vertex -0.24799999594688416 0.3499999940395355 -0.03999999910593033
    vertex -0.2460000067949295 0.375 0.03999999910593033
    vertex -0.2460000067949295 0.375 -0.03999999910593033
  endloop
endfacet
facet normal 0 0 0
  outer loop
    vertex -0.2460000067949295 0.375 -0.03999999910593033
    vertex -0.24400000274181366 0.4000000059604645 -0.03999999910593033
    vertex 0.2460000067949295 0.375 -0.03999999910593033
  endloop
endfacet
facet normal 0 0 0
  outer loop
    vertex 0.2460000067949295 0.375 -0.03999999910593033
    vertex -0.24400000274181366 0.4000000059604645 -0.03999999910593033
    vertex 0.24400000274181366 0.4000000059604645 -0.03999999910593033
  endloop
endfacet
facet normal 0 0 0
  outer loop
    vertex 0.2460000067949295 0.375 -0.03999999910593033
    vertex 0.24400000274181366 0.4000000059604645 -0.03999999910593033
    vertex 0.2460000067949295 0.375 0.03999999910593033
  endloop
endfacet
facet normal 0 0 0
  outer loop
    vertex 0.2460000067949295 0.375 0.03999999910593033
    vertex 0.24400000274181366 0.4000000059604645 -0.03999999910593033
    vertex 0.24400000274181366 0.4000000059604645 0.03999999910593033
  endloop
endfacet
facet normal 0 0 0
  outer loop
    vertex 0.2460000067949295 0.375 0.03999999910593033
    vertex 0.24400000274181366 0.4000000059604645 0.03999999910593033
    vertex -0.2460000067949295 0.375 0.03999999910593033
  endloop
endfacet
facet normal 0 0 0
  outer loop
    vertex -0.2460000067949295 0.375 0.03999999910593033
    vertex 0.24400000274181366 0.4000000059604645 0.03999999910593033
    vertex -0.24400000274181366 0.4000000059604645 0.03999999910593033
  endloop
endfacet
facet normal 0 0 0
  outer loop
    vertex -0.2460000067949295 0.375 0.03999999910593033
    vertex -0.24400000274181366 0.4000000059604645 0.03999999910593033
    vertex -0.2460000067949295 0.375 -0.03999999910593033
  endloop
endfacet
facet normal 0 0 0
  outer loop
    vertex -0.2460000067949295 0.375 -0.03999999910593033
    vertex -0.24400000274181366 0.4000000059604645 0.03999999910593033
    vertex -0.24400000274181366 0.4000000059604645 -0.03999999910593033
  endloop
endfacet
facet normal 0 0 0
  outer loop
    vertex -0.24400000274181366 0.4000000059604645 -0.03999999910593033
    vertex -0.24199999868869781 0.42500001192092896 -0.03999999910593033
    vertex 0.24400000274181366 0.4000000059604645 -0.03999999910593033
  endloop
endfacet
facet normal 0 0 0
  outer loop
    vertex 0.24400000274181366 0.4000000059604645 -0.03999999910593033
    vertex -0.24199999868869781 0.42500001192092896 -0.03999999910593033
    vertex 0.24199999868869781 0.42500001192092896 -0.03999999910593033
  endloop
endfacet
facet normal 0 0 0
  outer loop
    vertex 0.24400000274181366 0.4000000059604645 -0.03999999910593033
    vertex 0.24199999868869781 0.42500001192092896 -0.03999999910593033
    vertex 0.24400000274181366 0.4000000059604645 0.03999999910593033
  endloop
endfacet
facet normal 0 0 0
  outer loop
    vertex 0.24400000274181366 0.4000000059604645 0.03999999910593033
    vertex 0.24199999868869781 0.42500001192092896 -0.03999999910593033
    vertex 0.24199999868869781 0.42500001192092896 0.03999999910593033
  endloop
endfacet
facet normal 0 0 0
  outer loop
    vertex 0.24400000274181366 0.4000000059604645 0.03999999910593033
    vertex 0.24199999868869781 0.42500001192092896 0.03999999910593033
    vertex -0.24400000274181366 0.4000000059604645 0.03999999910593033
  endloop
endfacet
facet normal 0 0 0
  outer loop
    vertex -0.24400000274181366 0.4000000059604645 0.03999999910593033
    vertex 0.24199999868869781 0.42500001192092896 0.03999999910593033
    vertex -0.24199999868869781 0.42500001192092896 0.03999999910593033
  endloop
endfacet
facet normal 0 0 0
  outer loop
    vertex -0.24400000274181366 0.4000000059604645 0.03999999910593033
    vertex -0.24199999868869781 0.42500001192092896 0.03999999910593033
    vertex -0.24400000274181366 0.4000000059604645 -0.03999999910593033
  endloop
endfacet
facet normal 0 0 0
  outer loop
    vertex -0.24400000274181366 0.4000000059604645 -0.03999999910593033
    vertex -0.24199999868869781 0.42500001192092896 0.03999999910593033
    vertex -0.24199999868869781 0.42500001192092896 -0.03999999910593033
  endloop
endfacet
facet normal 0 0 0
  outer loop
    vertex -0.24199999868869781 0.42500001192092896 -0.03999999910593033
    vertex -0.23999999463558197 0.44999998807907104 -0.03999999910593033
    vertex 0.24199999868869781 0.42500001192092896 -0.03999999910593033
  endloop
endfacet
facet normal 0 0 0
  outer loop
    vertex 0.24199999868869781 0.42500001192092896 -0.03999999910593033
    vertex -0.23999999463558197 0.44999998807907104 -0.03999999910593033
    vertex 0.23999999463558197 0.44999998807907104 -0.03999999910593033
  endloop
endfacet
facet normal 0 0 0
  outer loop
    vertex 0.24199999868869781 0.42500001192092896 -0.03999999910593033
    vertex 0.23999999463558197 0.44999998807907104 -0.03999999910593033
    vertex 0.24199999868869781 0.42500001192092896 0.03999999910593033
  endloop
endfacet
facet normal 0 0 0
  outer loop
    vertex 0.24199999868869781 0.42500001192092896 0.03999999910593033
    vertex 0.23999999463558197 0.44999998807907104 -0.03999999910593033
    vertex 0.23999999463558197 0.44999998807907104 0.03999999910593033
  endloop
endfacet
facet normal 0 0 0
  outer loop
    vertex 0.24199999868869781 0.42500001192092896 0.03999999910593033
    vertex 0.23999999463558197 0.44999998807907104 0.03999999910593033
    vertex -0.24199999868869781 0.42500001192092896 0.03999999910593033
  endloop
endfacet
facet normal 0 0 0
  outer loop
    vertex -0.24199999868869781 0.42500001192092896 0.03999999910593033
    vertex 0.23999999463558197 0.44999998807907104 0.03999999910593033
    vertex -0.23999999463558197 0.44999998807907104 0.03999999910593033
  endloop
endfacet
facet normal 0 0 0
  outer loop
    vertex -0.24199999868869781 0.42500001192092896 0.03999999910593033
    vertex -0.23999999463558197 0.44999998807907104 0.03999999910593033
    vertex -0.24199999868869781 0.42500001192092896 -0.03999999910593033
  endloop
endfacet
facet normal 0 0 0
  outer loop
    vertex -0.24199999868869781 0.42500001192092896 -0.03999999910593033
    vertex -0.23999999463558197 0.44999998807907104 0.03999999910593033
    vertex -0.23999999463558197 0.44999998807907104 -0.03999999910593033
  endloop
endfacet
facet normal 0 0 0
  outer loop
    vertex -0.23999999463558197 0.44999998807907104 -0.03999999910593033
    vertex -0.23800000548362732 0.4749999940395355 -0.03999999910593033
    vertex 0.23999999463558197 0.44999998807907104 -0.03999999910593033
  endloop
endfacet
facet normal 0 0 0
  outer loop
    vertex 0.23999999463558197 0.44999998807907104 -0.03999999910593033
    vertex -0.23800000548362732 0.4749999940395355 -0.03999999910593033
    vertex 0.23800000548362732 0.4749999940395355 -0.03999999910593033
  endloop
endfacet
facet normal 0 0 0
  outer loop
    vertex 0.23999999463558197 0.44999998807907104 -0.03999999910593033
    vertex 0.23800000548362732 0.4749999940395355 -0.03999999910593033
    vertex 0.23999999463558197 0.44999998807907104 0.03999999910593033
  endloop
endfacet
facet normal 0 0 0
  outer loop
    vertex 0.23999999463558197 0.44999998807907104 0.03999999910593033
    vertex 0.23800000548362732 0.4749999940395355 -0.03999999910593033
    vertex 0.23800000548362732 0.4749999940395355 0.03999999910593033
  endloop
endfacet
facet normal 0 0 0
  outer loop
    vertex 0.23999999463558197 0.44999998807907104 0.03999999910593033
    vertex 0.23800000548362732 0.4749999940395355 0.03999999910593033
    vertex -0.23999999463558197 0.44999998807907104 0.03999999910593033
  endloop
endfacet
facet normal 0 0 0
  outer loop
    vertex -0.23999999463558197 0.44999998807907104 0.03999999910593033
    vertex 0.23800000548362732 0.4749999940395355 0.03999999910593033
    vertex -0.23800000548362732 0.4749999940395355 0.03999999910593033
  endloop
endfacet
facet normal 0 0 0
  outer loop
    vertex -0.23999999463558197 0.44999998807907104 0.03999999910593033
    vertex -0.23800000548362732 0.4749999940395355 0.03999999910593033
    vertex -0.23999999463558197 0.44999998807907104 -0.03999999910593033
  endloop
endfacet
facet normal 0 0 0
  outer loop
    vertex -0.23999999463558197 0.44999998807907104 -0.03999999910593033
    vertex -0.23800000548362732 0.4749999940395355 0.03999999910593033
    vertex -0.23800000548362732 0.4749999940395355 -0.03999999910593033
  endloop
endfacet
facet normal 0 0 0
  outer loop
    vertex -0.23800000548362732 0.4749999940395355 -0.03999999910593033
    vertex -0.23600000143051147 0.5 -0.03999999910593033
    vertex 0.23800000548362732 0.4749999940395355 -0.03999999910593033
  endloop
endfacet
facet normal 0 0 0
  outer loop
    vertex 0.23800000548362732 0.4749999940395355 -0.03999999910593033
    vertex -0.23600000143051147 0.5 -0.03999999910593033
    vertex 0.23600000143051147 0.5 -0.03999999910593033
  endloop
endfacet
facet normal 0 0 0
  outer loop
    vertex 0.23800000548362732 0.4749999940395355 -0.03999999910593033
    vertex 0.23600000143051147 0.5 -0.03999999910593033
    vertex 0.23800000548362732 0.4749999940395355 0.03999999910593033
  endloop
endfacet
facet normal 0 0 0
  outer loop
    vertex 0.23800000548362732 0.4749999940395355 0.03999999910593033
    vertex 0.23600000143051147 0.5 -0.03999999910593033
    vertex 0.23600000143051147 0.5 0.03999999910593033
  endloop
endfacet
facet normal 0 0 0
  outer loop
    vertex 0.23800000548362732 0.4749999940395355 0.03999999910593033
    vertex 0.23600000143051147 0.5 0.03999999910593033
    vertex -0.23800000548362732 0.4749999940395355 0.03999999910593033
  endloop
endfacet
facet normal 0 0 0
  outer loop
    vertex -0.23800000548362732 0.4749999940395355 0.03999999910593033
    vertex 0.23600000143051147 0.5 0.03999999910593033
    vertex -0.23600000143051147 0.5 0.03999999910593033
  endloop
endfacet
facet normal 0 0 0
  outer loop
    vertex -0.23800000548362732 0.4749999940395355 0.03999999910593033
    vertex -0.23600000143051147 0.5 0.03999999910593033
    vertex -0.23800000548362732 0.4749999940395355 -0.03999999910593033
  endloop
endfacet
facet normal 0 0 0
  outer loop
    vertex -0.23800000548362732 0.4749999940395355 -0.03999999910593033
    vertex -0.23600000143051147 0.5 0.03999999910593033
    vertex -0.23600000143051147 0.5 -0.03999999910593033
  endloop
endfacet
facet normal 0 0 0
  outer loop
    vertex -0.23600000143051147 0.5 -0.03999999910593033
    vertex -0.23399999737739563 0.5249999761581421 -0.03999999910593033
    vertex 0.23600000143051147 0.5 -0.03999999910593033
  endloop
endfacet
facet normal 0 0 0
  outer loop
    vertex 0.23600000143051147 0.5 -0.03999999910593033
    vertex -0.23399999737739563 0.5249999761581421 -0.03999999910593033
    vertex 0.23399999737739563 0.5249999761581421 -0.03999999910593033
  endloop
endfacet
facet normal 0 0 0
  outer loop
    vertex 0.23600000143051147 0.5 -0.03999999910593033
    vertex 0.23399999737739563 0.5249999761581421 -0.03999999910593033
    vertex 0.23600000143051147 0.5 0.03999999910593033
  endloop
endfacet
facet normal 0 0 0
  outer loop
    vertex 0.23600000143051147 0.5 0.03999999910593033
    vertex 0.23399999737739563 0.5249999761581421 -0.03999999910593033
    vertex 0.23399999737739563 0.5249999761581421 0.03999999910593033
  endloop
endfacet
facet normal 0 0 0
  outer loop
    vertex 0.23600000143051147 0.5 0.03999999910593033
    vertex 0.23399999737739563 0.5249999761581421 0.03999999910593033
    vertex -0.23600000143051147 0.5 0.03999999910593033
  endloop
endfacet
facet normal 0 0 0
  outer loop
    vertex -0.23600000143051147 0.5 0.03999999910593033
    vertex 0.23399999737739563 0.5249999761581421 0.03999999910593033
    vertex -0.23399999737739563 0.5249999761581421 0.03999999910593033
  endloop
endfacet
facet normal 0 0 0
  outer loop
    vertex -0.23600000143051147 0.5 0.03999999910593033
    vertex -0.23399999737739563 0.5249999761581421 0.03999999910593033
    vertex -0.23600000143051147 0.5 -0.03999999910593033
  endloop
endfacet
facet normal 0 0 0
  outer loop
    vertex -0.23600000143051147 0.5 -0.03999999910593033
    vertex -0.23399999737739563 0.5249999761581421 0.03999999910593033
    vertex -0.23399999737739563 0.5249999761581421 -0.03999999910593033
  endloop
endfacet
facet normal 0 0 0
  outer loop
    vertex -0.23399999737739563 0.5249999761581421 -0.03999999910593033
    vertex -0.23199999332427979 0.550000011920929 -0.03999999910593033
    vertex 0.23399999737739563 0.5249999761581421 -0.03999999910593033
  endloop
endfacet
facet normal 0 0 0
  outer loop
    vertex 0.23399999737739563 0.5249999761581421 -0.03999999910593033
    vertex -0.23199999332427979 0.550000011920929 -0.03999999910593033
    vertex 0.23199999332427979 0.550000011920929 -0.03999999910593033
  endloop
endfacet
facet normal 0 0 0
  outer loop
    vertex 0.23399999737739563 0.5249999761581421 -0.03999999910593033
    vertex 0.23199999332427979 0.550000011920929 -0.03999999910593033
    vertex 0.23399999737739563 0.5249999761581421 0.03999999910593033
  endloop
endfacet
facet normal 0 0 0
  outer loop
    vertex 0.23399999737739563 0.5249999761581421 0.03999999910593033
    vertex 0.23199999332427979 0.550000011920929 -0.03999999910593033
    vertex 0.23199999332427979 0.550000011920929 0.03999999910593033
  endloop
endfacet
facet normal 0 0 0
  outer loop
    vertex 0.23399999737739563 0.5249999761581421 0.03999999910593033
    vertex 0.23199999332427979 0.550000011920929 0.03999999910593033
    vertex -0.23399999737739563 0.5249999761581421 0.03999999910593033
  endloop
endfacet
facet normal 0 0 0
  outer loop
    vertex -0.23399999737739563 0.5249999761581421 0.03999999910593033
    vertex 0.23199999332427979 0.550000011920929 0.03999999910593033
    vertex -0.23199999332427979 0.550000011920929 0.03999999910593033
  endloop
endfacet
facet normal 0 0 0
  outer loop
    vertex -0.23399999737739563 0.5249999761581421 0.03999999910593033
    vertex -0.23199999332427979 0.550000011920929 0.03999999910593033
    vertex -0.23399999737739563 0.5249999761581421 -0.03999999910593033
  endloop
endfacet
facet normal 0 0 0
  outer loop
    vertex -0.23399999737739563 0.5249999761581421 -0.03999999910593033
    vertex -0.23199999332427979 0.550000011920929 0.03999999910593033
    vertex -0.23199999332427979 0.550000011920929 -0.03999999910593033
  endloop
endfacet
facet normal 0 0 0
  outer loop
    vertex -0.23199999332427979 0.550000011920929 -0.03999999910593033
    vertex -0.23000000417232513 0.574999988079071 -0.03999999910593033
    vertex 0.23199999332427979 0.550000011920929 -0.03999999910593033
  endloop
endfacet
facet normal 0 0 0
  outer loop
    vertex 0.23199999332427979 0.550000011920929 -0.03999999910593033
    vertex -0.23000000417232513 0.574999988079071 -0.03999999910593033
    vertex 0.23000000417232513 0.574999988079071 -0.03999999910593033
  endloop
endfacet
facet normal 0 0 0
  outer loop
    vertex 0.23199999332427979 0.550000011920929 -0.03999999910593033
    vertex 0.23000000417232513 0.574999988079071 -0.03999999910593033
    vertex 0.23199999332427979 0.550000011920929 0.03999999910593033
  endloop
endfacet
facet normal 0 0 0
  outer loop
    vertex 0.23199999332427979 0.550000011920929 0.03999999910593033
    vertex 0.23000000417232513 0.574999988079071 -0.03999999910593033
    vertex 0.23000000417232513 0.574999988079071 0.03999999910593033
  endloop
endfacet
facet normal 0 0 0
  outer loop
    vertex 0.23199999332427979 0.550000011920929 0.03999999910593033
    vertex 0.23000000417232513 0.574999988079071 0.03999999910593033
    vertex -0.23199999332427979 0.550000011920929 0.03999999910593033
  endloop
endfacet
facet normal 0 0 0
  outer loop
    vertex -0.23199999332427979 0.550000011920929 0.03999999910593033
    vertex 0.23000000417232513 0.574999988079071 0.03999999910593033
    vertex -0.23000000417232513 0.574999988079071 0.03999999910593033
  endloop
endfacet
facet normal 0 0 0
  outer loop
    vertex -0.23199999332427979 0.550000011920929 0.03999999910593033
    vertex -0.23000000417232513 0.574999988079071 0.03999999910593033
    vertex -0.23199999332427979 0.550000011920929 -0.03999999910593033
  endloop
endfacet
facet normal 0 0 0
  outer loop
    vertex -0.23199999332427979 0.550000011920929 -0.03999999910593033
    vertex -0.23000000417232513 0.574999988079071 0.03999999910593033
    vertex -0.23000000417232513 0.574999988079071 -0.03999999910593033
  endloop
endfacet
facet normal 0 0 0
  outer loop
    vertex -0.23000000417232513 0.574999988079071 -0.03999999910593033
    vertex -0.2280000001192093 0.6000000238418579 -0.03999999910593033
    vertex 0.23000000417232513 0.574999988079071 -0.03999999910593033
  endloop
endfacet
facet normal 0 0 0
  outer loop
    vertex 0.23000000417232513 0.574999988079071 -0.03999999910593033
    vertex -0.2280000001192093 0.6000000238418579 -0.03999999910593033
    vertex 0.2280000001192093 0.6000000238418579 -0.03999999910593033
  endloop
endfacet
facet normal 0 0 0
  outer loop
    vertex 0.23000000417232513 0.574999988079071 -0.03999999910593033
    vertex 0.2280000001192093 0.6000000238418579 -0.03999999910593033
    vertex 0.23000000417232513 0.574999988079071 0.03999999910593033
  endloop
endfacet
facet normal 0 0 0
  outer loop
    vertex 0.23000000417232513 0.574999988079071 0.03999999910593033
    vertex 0.2280000001192093 0.6000000238418579 -0.03999999910593033
    vertex 0.2280000001192093 0.6000000238418579 0.03999999910593033
  endloop
endfacet
facet normal 0 0 0
  outer loop
    vertex 0.23000000417232513 0.574999988079071 0.03999999910593033
    vertex 0.2280000001192093 0.6000000238418579 0.03999999910593033
    vertex -0.23000000417232513 0.574999988079071 0.03999999910593033
  endloop
endfacet
facet normal 0 0 0
  outer loop
    vertex -0.23000000417232513 0.574999988079071 0.03999999910593033
    vertex 0.2280000001192093 0.6000000238418579 0.03999999910593033
    vertex -0.2280000001192093 0.6000000238418579 0.03999999910593033
  endloop
endfacet
facet normal 0 0 0
  outer loop
    vertex -0.23000000417232513 0.574999988079071 0.03999999910593033
    vertex -0.2280000001192093 0.6000000238418579 0.03999999910593033
    vertex -0.23000000417232513 0.574999988079071 -0.03999999910593033
  endloop
endfacet
facet normal 0 0 0
  outer loop
    vertex -0.23000000417232513 0.574999988079071 -0.03999999910593033
    vertex -0.2280000001192093 0.6000000238418579 0.03999999910593033
    vertex -0.2280000001192093 0.6000000238418579 -0.03999999910593033
  endloop
endfacet
facet normal 0 0 0
  outer loop
    vertex -0.2280000001192093 0.6000000238418579 -0.03999999910593033
    vertex -0.22599999606609344 0.625 -0.03999999910593033
    vertex 0.2280000001192093 0.6000000238418579 -0.03999999910593033
  endloop
endfacet
facet normal 0 0 0
  outer loop
    vertex 0.2280000001192093 0.6000000238418579 -0.03999999910593033
    vertex -0.22599999606609344 0.625 -0.03999999910593033
    vertex 0.22599999606609344 0.625 -0.03999999910593033
  endloop
endfacet
facet normal 0 0 0
  outer loop
    vertex 0.2280000001192093 0.6000000238418579 -0.03999999910593033
    vertex 0.22599999606609344 0.625 -0.03999999910593033
    vertex 0.2280000001192093 0.6000000238418579 0.03999999910593033
  endloop
endfacet
facet normal 0 0 0
  outer loop
    vertex 0.2280000001192093 0.6000000238418579 0.03999999910593033
    vertex 0.22599999606609344 0.625 -0.03999999910593033
    vertex 0.22599999606609344 0.625 0.03999999910593033
  endloop
endfacet
facet normal 0 0 0
  outer loop
    vertex 0.2280000001192093 0.6000000238418579 0.03999999910593033
    vertex 0.22599999606609344 0.625 0.03999999910593033
    vertex -0.2280000001192093 0.6000000238418579 0.03999999910593033
  endloop
endfacet
facet normal 0 0 0
  outer loop
    vertex -0.2280000001192093 0.6000000238418579 0.03999999910593033
    vertex 0.22599999606609344 0.625 0.03999999910593033
    vertex -0.22599999606609344 0.625 0.03999999910593033
  endloop
endfacet
facet normal 0 0 0
  outer loop
    vertex -0.2280000001192093 0.6000000238418579 0.03999999910593033
    vertex -0.22599999606609344 0.625 0.03999999910593033
    vertex -0.2280000001192093 0.6000000238418579 -0.03999999910593033
  endloop
endfacet
facet normal 0 0 0
  outer loop
    vertex -0.2280000001192093 0.6000000238418579 -0.03999999910593033
    vertex -0.22599999606609344 0.625 0.03999999910593033
    vertex -0.22599999606609344 0.625 -0.03999999910593033
  endloop
endfacet
facet normal 0 0 0
  outer loop
    vertex -0.22599999606609344 0.625 -0.03999999910593033
    vertex -0.2240000069141388 0.6499999761581421 -0.03999999910593033
    vertex 0.22599999606609344 0.625 -0.03999999910593033
  endloop
endfacet
facet normal 0 0 0
  outer loop
    vertex 0.22599999606609344 0.625 -0.03999999910593033
    vertex -0.2240000069141388 0.6499999761581421 -0.03999999910593033
    vertex 0.2240000069141388 0.6499999761581421 -0.03999999910593033
  endloop
endfacet
facet normal 0 0 0
  outer loop
    vertex 0.22599999606609344 0.625 -0.03999999910593033
    vertex 0.2240000069141388 0.6499999761581421 -0.03999999910593033
    vertex 0.22599999606609344 0.625 0.03999999910593033
  endloop
endfacet
facet normal 0 0 0
  outer loop
    vertex 0.22599999606609344 0.625 0.03999999910593033
    vertex 0.2240000069141388 0.6499999761581421 -0.03999999910593033
    vertex 0.2240000069141388 0.6499999761581421 0.03999999910593033
  endloop
endfacet
facet normal 0 0 0
  outer loop
    vertex 0.22599999606609344 0.625 0.03999999910593033
    vertex 0.2240000069141388 0.6499999761581421 0.03999999910593033
    vertex -0.22599999606609344 0.625 0.03999999910593033
  endloop
endfacet
facet normal 0 0 0
  outer loop
    vertex -0.22599999606609344 0.625 0.03999999910593033
    vertex 0.2240000069141388 0.6499999761581421 0.03999999910593033
    vertex -0.2240000069141388 0.6499999761581421 0.03999999910593033
  endloop
endfacet
facet normal 0 0 0
  outer loop
    vertex -0.22599999606609344 0.625 0.03999999910593033
    vertex -0.2240000069141388 0.6499999761581421 0.03999999910593033
    vertex -0.22599999606609344 0.625 -0.03999999910593033
  endloop
endfacet
facet normal 0 0 0
  outer loop
    vertex -0.22599999606609344 0.625 -0.03999999910593033
    vertex -0.2240000069141388 0.6499999761581421 0.03999999910593033
    vertex -0.2240000069141388 0.6499999761581421 -0.03999999910593033
  endloop
endfacet
facet normal 0 0 0
  outer loop
    vertex -0.2240000069141388 0.6499999761581421 -0.03999999910593033
    vertex -0.22200000286102295 0.675000011920929 -0.03999999910593033
    vertex 0.2240000069141388 0.6499999761581421 -0.03999999910593033
  endloop
endfacet
facet normal 0 0 0
  outer loop
    vertex 0.2240000069141388 0.6499999761581421 -0.03999999910593033
    vertex -0.22200000286102295 0.675000011920929 -0.03999999910593033
    vertex 0.22200000286102295 0.675000011920929 -0.03999999910593033
  endloop
endfacet
facet normal 0 0 0
  outer loop
    vertex 0.2240000069141388 0.6499999761581421 -0.03999999910593033
    vertex 0.22200000286102295 0.675000011920929 -0.03999999910593033
    vertex 0.2240000069141388 0.6499999761581421 0.03999999910593033
  endloop
endfacet
facet normal 0 0 0
  outer loop
    vertex 0.2240000069141388 0.6499999761581421 0.03999999910593033
    vertex 0.22200000286102295 0.675000011920929 -0.03999999910593033
    vertex 0.22200000286102295 0.675000011920929 0.03999999910593033
  endloop
endfacet
facet normal 0 0 0
  outer loop
    vertex 0.2240000069141388 0.6499999761581421 0.03999999910593033
    vertex 0.22200000286102295 0.675000011920929 0.03999999910593033
    vertex -0.2240000069141388 0.6499999761581421 0.03999999910593033
  endloop
endfacet
facet normal 0 0 0
  outer loop
    vertex -0.2240000069141388 0.6499999761581421 0.03999999910593033
    vertex 0.22200000286102295 0.675000011920929 0.03999999910593033
    vertex -0.22200000286102295 0.675000011920929 0.03999999910593033
  endloop
endfacet
facet normal 0 0 0
  outer loop
    vertex -0.2240000069141388 0.6499999761581421 0.03999999910593033
    vertex -0.22200000286102295 0.675000011920929 0.03999999910593033
    vertex -0.2240000069141388 0.6499999761581421 -0.03999999910593033
  endloop
endfacet
facet normal 0 0 0
  outer loop
    vertex -0.2240000069141388 0.6499999761581421 -0.03999999910593033
    vertex -0.22200000286102295 0.675000011920929 0.03999999910593033
    vertex -0.22200000286102295 0.675000011920929 -0.03999999910593033
  endloop
endfacet
facet normal 0 0 0
  outer loop
    vertex -0.22200000286102295 0.675000011920929 -0.03999999910593033
    vertex -0.2199999988079071 0.699999988079071 -0.03999999910593033
    vertex 0.22200000286102295 0.675000011920929 -0.03999999910593033
  endloop
endfacet
facet normal 0 0 0
  outer loop
    vertex 0.22200000286102295 0.675000011920929 -0.03999999910593033
    vertex -0.2199999988079071 0.699999988079071 -0.03999999910593033
    vertex 0.2199999988079071 0.699999988079071 -0.03999999910593033
  endloop
endfacet
facet normal 0 0 0
  outer loop
    vertex 0.22200000286102295 0.675000011920929 -0.03999999910593033
    vertex 0.2199999988079071 0.699999988079071 -0.03999999910593033
    vertex 0.22200000286102295 0.675000011920929 0.03999999910593033
  endloop
endfacet
facet normal 0 0 0
  outer loop
    vertex 0.22200000286102295 0.675000011920929 0.03999999910593033
    vertex 0.2199999988079071 0.699999988079071 -0.03999999910593033
    vertex 0.2199999988079071 0.699999988079071 0.03999999910593033
  endloop
endfacet
facet normal 0 0 0
  outer loop
    vertex 0.22200000286102295 0.675000011920929 0.03999999910593033
    vertex 0.2199999988079071 0.699999988079071 0.03999999910593033
    vertex -0.22200000286102295 0.675000011920929 0.03999999910593033
  endloop
endfacet
facet normal 0 0 0
  outer loop
    vertex -0.22200000286102295 0.675000011920929 0.03999999910593033
    vertex 0.2199999988079071 0.699999988079071 0.03999999910593033
    vertex -0.2199999988079071 0.699999988079071 0.03999999910593033
  endloop
endfacet
facet normal 0 0 0
  outer loop
    vertex -0.22200000286102295 0.675000011920929 0.03999999910593033
    vertex -0.2199999988079071 0.699999988079071 0.03999999910593033
    vertex -0.22200000286102295 0.675000011920929 -0.03999999910593033
  endloop
endfacet
facet normal 0 0 0
  outer loop
    vertex -0.22200000286102295 0.675000011920929 -0.03999999910593033
    vertex -0.2199999988079071 0.699999988079071 0.03999999910593033
    vertex -0.2199999988079071 0.699999988079071 -0.03999999910593033
  endloop
endfacet
facet normal 0 0 0
  outer loop
    vertex -0.2199999988079071 0.699999988079071 -0.03999999910593033
    vertex -0.21799999475479126 0.7250000238418579 -0.03999999910593033
    vertex 0.2199999988079071 0.699999988079071 -0.03999999910593033
  endloop
endfacet
facet normal 0 0 0
  outer loop
    vertex 0.2199999988079071 0.699999988079071 -0.03999999910593033
    vertex -0.21799999475479126 0.7250000238418579 -0.03999999910593033
    vertex 0.21799999475479126 0.7250000238418579 -0.03999999910593033
  endloop
endfacet
facet normal 0 0 0
  outer loop
    vertex 0.2199999988079071 0.699999988079071 -0.03999999910593033
    vertex 0.21799999475479126 0.7250000238418579 -0.03999999910593033
    vertex 0.2199999988079071 0.699999988079071 0.03999999910593033
  endloop
endfacet
facet normal 0 0 0
  outer loop
    vertex 0.2199999988079071 0.699999988079071 0.03999999910593033
    vertex 0.21799999475479126 0.7250000238418579 -0.03999999910593033
    vertex 0.21799999475479126 0.7250000238418579 0.03999999910593033
  endloop
endfacet
facet normal 0 0 0
  outer loop
    vertex 0.2199999988079071 0.699999988079071 0.03999999910593033
    vertex 0.21799999475479126 0.7250000238418579 0.03999999910593033
    vertex -0.2199999988079071 0.699999988079071 0.03999999910593033
  endloop
endfacet
facet normal 0 0 0
  outer loop
    vertex -0.2199999988079071 0.699999988079071 0.03999999910593033
    vertex 0.21799999475479126 0.7250000238418579 0.03999999910593033
    vertex -0.21799999475479126 0.7250000238418579 0.03999999910593033
  endloop
endfacet
facet normal 0 0 0
  outer loop
    vertex -0.2199999988079071 0.699999988079071 0.03999999910593033
    vertex -0.21799999475479126 0.7250000238418579 0.03999999910593033
    vertex -0.2199999988079071 0.699999988079071 -0.03999999910593033
  endloop
endfacet
facet normal 0 0 0
  outer loop
    vertex -0.2199999988079071 0.699999988079071 -0.03999999910593033
    vertex -0.21799999475479126 0.7250000238418579 0.03999999910593033
    vertex -0.21799999475479126 0.7250000238418579 -0.03999999910593033
  endloop
endfacet
facet normal 0 0 0
  outer loop
    vertex -0.21799999475479126 0.7250000238418579 -0.03999999910593033
    vertex -0.2160000056028366 0.75 -0.03999999910593033
    vertex 0.21799999475479126 0.7250000238418579 -0.03999999910593033
  endloop
endfacet
facet normal 0 0 0
  outer loop
    vertex 0.21799999475479126 0.7250000238418579 -0.03999999910593033
    vertex -0.2160000056028366 0.75 -0.03999999910593033
    vertex 0.2160000056028366 0.75 -0.03999999910593033
  endloop
endfacet
facet normal 0 0 0
  outer loop
    vertex 0.21799999475479126 0.7250000238418579 -0.03999999910593033
    vertex 0.2160000056028366 0.75 -0.03999999910593033
    vertex 0.21799999475479126 0.7250000238418579 0.03999999910593033
  endloop
endfacet
facet normal 0 0 0
  outer loop
    vertex 0.21799999475479126 0.7250000238418579 0.03999999910593033
    vertex 0.2160000056028366 0.75 -0.03999999910593033
    vertex 0.2160000056028366 0.75 0.03999999910593033
  endloop
endfacet
facet normal 0 0 0
  outer loop
    vertex 0.21799999475479126 0.7250000238418579 0.03999999910593033
    vertex 0.2160000056028366 0.75 0.03999999910593033
    vertex -0.21799999475479126 0.7250000238418579 0.03999999910593033
  endloop
endfacet
facet normal 0 0 0
  outer loop
    vertex -0.21799999475479126 0.7250000238418579 0.03999999910593033
    vertex 0.2160000056028366 0.75 0.03999999910593033
    vertex -0.2160000056028366 0.75 0.03999999910593033
  endloop
endfacet
facet normal 0 0 0
  outer loop
    vertex -0.21799999475479126 0.7250000238418579 0.03999999910593033
    vertex -0.2160000056028366 0.75 0.03999999910593033
    vertex -0.21799999475479126 0.7250000238418579 -0.03999999910593033
  endloop
endfacet
facet normal 0 0 0
  outer loop
    vertex -0.21799999475479126 0.7250000238418579 -0.03999999910593033
    vertex -0.2160000056028366 0.75 0.03999999910593033
    vertex -0.2160000056028366 0.75 -0.03999999910593033
  endloop
endfacet
facet normal 0 0 0
  outer loop
    vertex 0 -0.75 0
    vertex 0.30000001192092896 -0.75 -0.03999999910593033
    vertex -0.30000001192092896 -0.75 -0.03999999910593033
  endloop
endfacet
facet normal 0 0 0
  outer loop
    vertex 0 -0.75 0
    vertex 0.30000001192092896 -0.75 0.03999999910593033
    vertex 0.30000001192092896 -0.75 -0.03999999910593033
  endloop
endfacet
facet normal 0 0 0
  outer loop
    vertex 0 -0.75 0
    vertex -0.30000001192092896 -0.75 0.03999999910593033
    vertex 0.30000001192092896 -0.75 0.03999999910593033
  endloop
endfacet
facet normal 0 0 0
  outer loop
    vertex 0 -0.75 0
    vertex -0.30000001192092896 -0.75 -0.03999999910593033
    vertex -0.30000001192092896 -0.75 0.03999999910593033
  endloop
endfacet
facet normal 0 0 0
  outer loop
    vertex 0 0.75 0
    vertex 0.2160000056028366 0.75 -0.03999999910593033
    vertex -0.2160000056028366 0.75 -0.03999999910593033
  endloop
endfacet
facet normal 0 0 0
  outer loop
    vertex 0 0.75 0
    vertex 0.2160000056028366 0.75 0.03999999910593033
    vertex 0.2160000056028366 0.75 -0.03999999910593033
  endloop
endfacet
facet normal 0 0 0
  outer loop
    vertex 0 0.75 0
    vertex -0.2160000056028366 0.75 0.03999999910593033
    vertex 0.2160000056028366 0.75 0.03999999910593033
  endloop
endfacet
facet normal 0 0 0
  outer loop
    vertex 0 0.75 0
    vertex -0.2160000056028366 0.75 -0.03999999910593033
    vertex -0.2160000056028366 0.75 0.03999999910593033
  endloop
endfacet
endsolid stele